text,real_label,wrong_label
면상 몸매 학벌 씀씀이 배려 인간성 실력 돈 집안 머리 모두 제로인게?,0,1.0
아 쒸 국물 튀었잔아 어쩔거야,1,0.0
공무원들부터 #@인간및인간집단.인물.정치인.남성#까지 다 월급 반납해야 돼,0,1.0
장님 행세 하는 애들도 있다잖아,1,0.0
저 여자도 마음이 멀쩡하지 않을 거다,0,1.0
니도 그렇나 나도 헛대 서서 죽것다,6,0.0
야 이 가슴은 완전 밥그릇 아니냐?,6,1.0
너 찔러 죽이려고 태어났다.,5,1.0
무단횡단 시 즉사시켜도 무죄라고 하면 무단횡단률 0% 만들 수 있음,0,1.0
와.. 그건 부처님도 살생할듯,1,0.0
곧 죽을거니까 그냥 묻으라고,5,1.0
ㅋㅋㅋ 몸은 아직 달아서 박아달라고 하나봐,6,1.0
그니까 ㅋㅋㅋ누구 눈엔 누구만 보인다더니,1,0.0
자기만족이라잖아. 홀딱 벗은 몸 찍어서 인스타에 올려야지 ㅋㅋ,1,0.0
앞으로 겨털 많은 사람들은 다른 사람한테 민폐 주지 말고 털 밀기로 약속해야 함.,1,0.0
뭘 이 정도 가지고 벌벌 떠세요? 회사 대표님께서,0,1.0
니들 같은 머저리 놈들 때문에 나도 회사 망해서 슬픈거야 이것들아,7,1.0
외국인하고 결혼해서 다문화특공 받은 후 이혼하라는 얘기지?,1,0.0
아 진짜 역겨워,3,1.0
저 놈은 깜빵도 아깝다 식량 축내기만 하고 진짜 사형 안되냐,0,1.0
니네 회사 부도 나는거 아님?,0,1.0
어휴 너 인성도 알만하다 ㅋㅋ,0,1.0
속옷 벗기기 가능; 벗으세요 하면 뒤집어져서 벗을듯 ㅋ,6,0.0
"응, 78년 생 말띠 여자들이 기 세고 막나가기로 유명하잖아.",2,1.0
넌 교정 꼭 해야겠다,1,0.0
"파란 색인데 무슨, 넌 계절도 몰라? 아직 여름이야. 바보같아",2,1.0
장애인은 죽어주는 게 답이긴 하지,3,1.0
"우리나라도 마찬가지임. 잘나가는 연예인, 스포츠 스타, 대기업 임원 등 그냥 세금으로 옥죄이면 다 같이 죽는 거임",0,1.0
헛소리하는 니 혀를 뽑고 싶은데,4,1.0
이거 백퍼 옆 가게에서 작업 친거임,0,1.0
진짜 정신 나간 애들을 다 보겠네,0,1.0
게이들은 원래 남자만 보면 환장함?,2,1.0
야 진짜 니 남친 니보다 10살많은데 아직 결혼 못한 거면 그냥 하자가 있는 거임,2,1.0
아니 그래도 얘가 잡일 다 하는거잖아 너 그렇게 말하면 안되지,1,0.0
최근 본것중 역대급 꿀잼+소름+광기+정신분열+주작질 모든 집합체가 섞여있어서 너무 현웃 터짐,0,1.0
우리도 앞세대가 싸질러 놓은 떵 치우면서 살고 있는데,0,1.0
이 여자 엉덩이에 비비고싶지 않냐,6,0.0
도움은 받고 싶은데 북한 못사는 취급은 기분 나쁘고 어쩌라고!,0,1.0
이럴 때 산에 가면 그거야말로 조난 당하기 딱이지,0,1.0
"와 진짜 별 쓸데없는, 궁금하지도 않은 말 꺼내네.",1,0.0
ㅋㅋ 고등학교 4학년 5학년임 그냥,1,0.0
백신은 실제로 사람이 뒤지는데도 조~용,3,1.0
대통령이 친북 친중이니 조선족들이 활개를 치고 다니는 거야,3,1.0
난 그 비제이 목소리 너무 역겨워서 안들음,3,1.0
백신 안 맞아서 같이 놀기 싫음,1,0.0
당연히 사형을 선고하고 집행해야 한다.,1,0.0
대체 한녀들은 왜 멀쩡한 캐릭터를 게이로 만드는 거야?,1,0.0
유통이력없는 새상품인데 저따구면 제조사문제네,0,1.0
넌 부모 없어서 배운 것도 없지?,3,1.0
남이 줄 서서 한정판을 구매하든 말든 뭔데 오지랖이야,0,1.0
뭐래 목소리가 청량한 거 가지고 왜 태클이야 ㅋㅋ,1,0.0
얘는 온갖 글에 다 어그로만 끌고 다니네… 그렇게 할 짓이 없냐,0,1.0
그 찌라시 기자들이 팩트를 물어오니까 속으론 지려서 허세떠는군.,0,1.0
솔직히 요즘 나라 돌아가는 꼬라지 보면 #@# 살기싫음 ㅋㅋ,0,1.0
아 이게 다 끝난거에요? ㅋㅋㅋㅋㅋ 너무뻔뻔한거아님?,1,0.0
왜 이렇게 나보다 어린 애들이 막 대하지,1,0.0
몸이 뜨거워지고 그러지?,1,0.0
"찐따야, #@# 맞고는 미국 못가는데, 미국 간 거 보면 모르냐?",0,1.0
팬티가 보일락 말락 하니까 꼴리더라고,6,0.0
호빠 2차 뛰는 건 얼마 받냐?,0,1.0
그런 회사들은 입구 냄새부터 다르더라 술집 향수랑 똑같아,3,0.0
급식이 아니면 더 위험한 놈일세 ㅋㅋㅋ 차라리급식충이라고 해라.,3,1.0
흑인인 줄 알았다.,1,0.0
물고기들이 완전 포식하겠네요 ㅎㅎ 날 풀리면 회나 떠먹으러 가야지,1,0.0
약쟁이 놈들 다 잡아서 사형을 시키든가 해야지,3,1.0
걍 동남아 가서 여자 잡아와라 ㅋㅋㅋ,0,1.0
요 주변에 #@# 만 봐도 알거아니야 ㅋㅋ 한국으로 밀입국해서 돈 버는데 사람 취급 못받는거 많이 봤잖아,1,0.0
ㅋㅋ진짜 보기도 부담스럽다.,1,0.0
갈수록 비호감도가 쌓여간다,0,1.0
일당 독재 공산당 머리인데 해 먹을 만큼 따로 해 먹었겠지,0,1.0
야 그런 말도 말이라고 하냐? ㅋㅋ,1,0.0
베트남에서 개발한 백신을 믿냐?,1,0.0
재 입 냄새 너무 심하지 않아? 아침에 멀 먹은거지?,1,0.0
수백만원 쓴다고 존예 될 거란 보장도 없는데 무슨 ㅋㅋ,0,1.0
꼬튜에 점 3개 있는 것 까지 알고 있음 많이 아는 거 아냐?,6,0.0
너네엄마 식당일 끝나고 집에 오기 전에 설거지라도 해놔 좀,0,1.0
1년 동안 사귀면서 아직도 안해봤어? 너 그거 안서냐?,0,1.0
귀띔은 무슨 귓방망이를 날려버리고 싶네,4,1.0
저런 놈을 지지하는 게 이상해,0,1.0
똑같이 개조인간인데 뭔 차이가 있냐 ㅋㅋㅋ,0,1.0
길가다 자기 애랑 같이 뒤지길 바란다,4,1.0
응 이제 제발 티비에 안 나왔으면 좋겠다.,3,0.0
조금 있으면 흑인 피부랑 비슷해질 듯,2,0.0
최대한 궁핍한 삶처럼 보이면 동정표 얻을 줄 알았나 봄. ㅋㅋㅋ,0,1.0
배달업에서 고객은 아주 안중에도 없고 라이더가 갑이고만,0,1.0
아니 니는 왜 요리를 꾸준히 해도 안 느냐?,1,0.0
실제로 회계사 준비도 안 하는 것들이 꼭 입으로만 나불거리지…쯧쯧.,0,1.0
ㅇㅈ ㅋㅋㅋ 그래놓고 깊이 있는 고민 하고 있고 겉으론 밝지만 속으론 우울한 나에 취해 있는 듯,0,1.0
그 자식들 포크레인 숟가락으로 머리를 빠개버려야 되는데.,4,1.0
왜 맨날 한남들 어쩌구 하면서 울어대는 거야?,3,1.0
쟤는 TV 나올 때마다 옥수수를 털어버리고 싶어,4,1.0
한국 여자 싫다고 다른 여자 만날 수 있는 줄 아냐?,1,0.0
어쩌다 저런 ㅅㄲ가 태어났을까?,7,0.0
공동묘지도 아니고 온통 십자가 불빛 뿐이야,1,0.0
이 연예인 관련 기사 너무 많이 뜨지 않아? 언플 너무 심하다 ㅋㅋ,3,1.0
우리는 평생 자막으로 영화 봤다. 니들도 함 당해봐..ㅋㅋㅋ,0,1.0
ㅋㅋㅋ끼리끼리 모이는 거지 뭐,0,1.0
멍청한 짓 그만두고 이 반지 잘 챙겼다가 다음 여자 친구한테 줘,0,1.0
너 남자가 부엌에 들어오면 안돼~,2,0.0
로린이는 전부 다 핑두임ㅋㅋ,6,1.0
피임은 잘 했고?,6,0.0
어휴 머릿속에 그런 생각밖에 없냐 너는?,0,1.0
딸배들 오토바이 고아처럼 모네,7,1.0
먼지는 서해 건너 #@#으로 날려버리고.,2,1.0
#@인간및인간집단.인물.방송인.여성#는 웬 듣보잡? 첨 들어보는데 왜 #@인간및인간집단.인물.방송인.남성#이 피쳐링 해줬대?,0,1.0
지금 자면 너 평생 눈을 못뜨게 해줄게.,4,1.0
자고로 옆에 여자가 있어야 술맛이 나지.,2,0.0
카스썰도 이정도면 욕먹는다…. 00년대 인소 감성인 듯,0,1.0
닌 거지한테 옷 뺏어서 입었냐 느금마도 옷 못 입지?,0,1.0
ㅇㅇ진짜 도륙 마렵지 않냐,3,1.0
자기 꺼 자기가 배끼는 거 안 창피할까?,1,0.0
"돈 한 푼 안 내고, 엄마 아빠한테 빌붙어 살 거면 나가.",0,1.0
요리 전공인 사람한테 칼질 고라니하는 사람은 또 처음본다.,1,0.0
친구도 없는 게 친구 없다고 뭐라하네 ㅋㅋㅋ,0,1.0
성적 폭행한 사람들 얼굴 대문짝만하게 갖다 붙였으면 좋겠어.,1,0.0
남자친구만 배신감 들겠지,1,0.0
이제 정신 감정 받고 감면 노리겠지,3,0.0
ㅋㅋㅋ 그러게 상대방 억장 와르르 멘션,0,1.0
개그맨 주제에 무슨 정치적 발언이냐,3,1.0
앞이 보이긴 하나?,1,0.0
현금만 고집하는 것도 수상하다,1,0.0
굶으라고 그래. 언제부터 날 챙겼다고.,2,1.0
담임 진짜 꼰대 같네.,4,1.0
지 여친한테는 아무말 못할 거면서 성드립 쩐다,0,1.0
진짜 세상 물정 모르는 거지,0,1.0
어? 안해주시면 저 sns에 올립니다^^,1,0.0
아니 니가 아다 아냐?,6,0.0
스스로가 너무 한심해,0,1.0
"저랑 딱지치기 해서 지면 뺨을 갈길 거고요, 그게 싫으면 10만원 내기를 하죠.",4,1.0
응 니얼굴은 황산테러 당한 얼굴,5,1.0
경력직 신입을 원하는 거는 너무 양아치 마인드 아니냐?,0,1.0
ㅋㅋ 뒤로 다 따먹고 벌려주고 다닐 걸 걱정 ㄴㄴㄴ,6,0.0
안 봐도 비디오일거 너나 나나 다 알고 있지 않냐?,1,0.0
또 운동선수 출신이라 학창시절에 수업을 못 들었다고 핑계댈 듯,0,1.0
누가 봐도 초심 잃은 건데 이걸 쉴드를 치네,1,0.0
쿵쾅이들 또 시작이네,3,1.0
너무 그렇게 너처럼 애들 다 애기취급하면 애들 버릇 나빠진다고,1,0.0
근데 너는 왜 머리를 안길러? 여성스럽지를 못해 애가 어째?,2,1.0
아 알바 언제 끝나 진짜 더럽게 하기 싫네,1,0.0
너보다는 돈 많이 번다.,1,0.0
꼬람하게 하는 짓 봐라,2,1.0
뉴스에 그만 낯짝 그만 디밀면 좋겠다.,3,1.0
"아니지, 서울말은 나라가 정한 옳은 말인데, 사투리는 틀린 말이라는 거지.",2,0.0
그건 니가 보는 눈이 없고 지적 수준이 낮아서 그런 거야,0,1.0
ㅋㅋㅋ 피드백같은 소리하네,1,0.0
에이 한 명일까 줄줄이 대기하고 있을텐데,1,0.0
느려터진 우리 알바 진짜 발암물질이야.,7,1.0
뭐래 아니거든? 너보다 수학도 잘하잖아,3,0.0
메갈 웜퇘지들의 우상 아니야?,3,1.0
인생 루저처럼 방구석에서 게임만 하는 너보단 재벌들 빨아주는 게 더 가치있는 일이지 ㅋㅋㅋ,0,1.0
너는 의도가 좀 불순해보이는데,1,0.0
그렇겠지요. 어디서나 본인이 짱을 먹어야 할 테니까요.,0,1.0
어쩌라고 날이 그럼 추워지지 병싄아 돌머리냐?,7,1.0
요즘 애들은 노력을 너무 안 해,1,0.0
하앍 흥분돼 막 애액이 나오고 분수가 터져,6,0.0
#@인간및인간집단.인물.정치인.남성# 인상도 만만한 건 아닌데 싹 잊혀졌네. ㅋ,0,1.0
느그 머리가 비어서 이해 못하는 건 아니고?,0,1.0
그래도 다 감싸 안고 계속 좋아하는 걸 보니 사랑이다,1,0.0
이걸 물건이라고 팔아요? 환불해주세요 어이없네 진짜,0,1.0
못사는 곳애들은 못배워서 그런지 엄청 피곤해.,0,1.0
엄마도 알면서. 게임을 못하잖아. 그게 얼마나 싫은 일인데. 모른척해?,0,1.0
이사가야겠다. 동네가 너무 빈티나. 여기 살아서 더 가난해지나봐.,2,1.0
"그래 해라 해, 나도 이제 지겹다",5,0.0
ㅋㅋㅋ 걸레샛기들,6,1.0
니 보G랑 내 꼬튜 없어질 때까지 이러고 있을거야,6,0.0
이십층 높이 계단에서 밀어버릴라,4,1.0
우주 최강 관종이 목숨을 끊으면 끊었지 SNS를 끊겠냐,0,1.0
상련아 이렇게 나올리가 없잖아!1,7,1.0
봉에서 춤추는 거 봤는데 장난 아니더라 말 걸어볼까 했는데 상황이 그러니까..ㅋㅋ,1,0.0
그렇더라 나도 너무 정신머리없었던 것도 있고,1,0.0
#@인간및인간집단.인물.정치인.남성#형은 가끔 팩트로 너무 조져놔서 미워지다가도 미워할 수가 없어.,0,1.0
저 아이돌이 더 이상 춤추지 못 하게 엉덩이에 막대를 찔러 넣고 싶음.,4,1.0
아무리 그래도 싼 여자 같아 보이니까 좀 가려;,6,1.0
똥 싸고 다니는 강아지는 잘 챙겨주면서 일하고 오는 나한테는 밥도 안 챙겨줬어,1,0.0
쟤는 집에서 가정교육을 어떻게 받은거야?,0,1.0
와 이 여자 맘마통 오지게 크네,6,1.0
몰골이 그게 뭐야?,1,0.0
이 놈들은 여름아니라고 에어컨 쳐 안틀어 주는 것 봐라 진짜 패고 싶네,4,1.0
#@인간및인간집단.인물.정치인.남성#은 전생에 뭔 죄를 지었길래 이러냐?,0,1.0
오늘은 공강 많은 날이라서 수업도 별로 없는데 왜 바쁜척이야,1,0.0
"저런애들 금방 건물 뽑지, 다 대기업 회장들한테 가랭이 벌려가며사는거지",6,1.0
그럼 단물만 쪽쪽 빨아먹고 버린거야?,0,1.0
몰래 찍힌것도 아니고 자기가 자발적으로 한건데 뭔 피해요?,5,0.0
조만간 중국에서 문징어 게임도 나오겠다. ㅋㅋㅋ,0,1.0
우리도 하나 사서 영상찍고 팔아볼까?ㅋㅋ,5,0.0
즐거운 마음으로 워크숍 온 건데 팀원들 때문에 개빡치네,0,1.0
내가 니 시다바리니,7,1.0
한약 먹어서 부었거나,0,1.0
뭐긴뭐야 ~음식을 쓰레기지!!,0,1.0
제작비 누구 주머니로 들어갔는지 투자자들 알면 다 끝장이겠네,0,1.0
맞아 그냥 저런 노잼 프로그램하고 경쟁 상대가 안되잖아 ㅋㅋㅋ,0,1.0
누님이 여기로 오셔서 저랑 연애하면 차비는 얼마 드리면 될까요?,6,0.0
와 진짜 저렇게 태어나면 어떤 기분일까,1,0.0
이쁜여자 모유 맛은 다르냐? 이쁜 스시녀 모유맛이 어떨까 궁금하다,6,0.0
한국이 지들보다 잘 살아서 혐오하나?,1,0.0
무능한 한남이 결혼 못 해서 맨날 데려와서 그런 거지 뭐,3,1.0
그러니까 운동을 해서 살을 좀 빼~,1,0.0
감독이나 선수나 능력이 이정도까지인 거임,0,1.0
유학보냈겠지 비응신아,7,0.0
으 뭐라고? 진짜 더럽다 너도 이제 돼지 되겠네.,3,1.0
취직 대신 취집하려는 거네ㅋㅋㅋ,0,1.0
여자 연예인만 그러잖아. 여자들 종특임 선즙필승,2,1.0
근데 솔직히 그거 듣는 사람 입장에서 될 앤지 아닌지 바로 구분됨 ㅋㅋ,0,1.0
그렇게 가슴 훤히 드러내놓고 다니면 남사스러워서 어떡하냐.,0,1.0
부먹하는 애들 얼굴에 전부 염산 부어야 정신 차림,4,1.0
계산 못 하냐 중위 소득으로는 애시당초 서울 아파트를 못 산다.,1,0.0
요즘 돈 없어서 오피 못가고 전화방 가봤다,6,0.0
그런것들은 안 쳐맞아봐서 그렇다,4,1.0
폭주족 단속 하다가 1600만원 민사소송 맞은 #@# 보니까 이게 나라인가 싶다 답이 없네,0,1.0
배달 기사들 대부분 못배운 애들 아니냐?,2,1.0
넌 다음주가 시험인데 아직도 게임중이니?,2,0.0
완전 고릴라같아서 징그러워 ㅋㅋㅋ,0,1.0
오늘따라 선수가 왜 이러시나,1,0.0
옛날엔 손목만 잡아도 다 넘어왔는데,6,0.0
그런 놈도 결혼을 하네 참나,3,1.0
보여주기식 들이밀기 역겹네,3,1.0
화장이 옛날 화장이라서 촌스러워 보이는 거 같음,0,1.0
착한척 독실한척 하면서 순진한 애들 꼬시다니,0,1.0
분노해도 별로 안 무서울 것 같은데요?,1,0.0
맞아 더워서 짜증 이빠이 그냥 아무나 패주고 싶음,4,1.0
좀 조용히 하고 기다려 그런다고 빨리 맞냐?,1,0.0
거주 이전 행복의 자유를 틀어막은 곰재앙 정권,0,1.0
#@인간및인간집단.인물.정치인.남성#은 여자 하나 잘못 만났다가 인생 망했네,0,1.0
참고로 빡치게 하면 보정 전 사진 풀 거예요.,1,0.0
군대 제대하고 성욕이 개폭발하던 시기에 쌀거같으면 멈추고 또 쌀거같으면 멈추다가 16시간만에 사정하면서 기절함,6,0.0
그러게 내가 현대중공업사라고 했잖아 뵹신아,7,1.0
그런 애들은 관종인가? 이상한 사람 너무 많아,0,1.0
김 대리는 여자 치고 피부가 검어서 남자들이 안 좋아하겠어 ㅎㅎ,2,1.0
중고등학교 앞만 지나가면 10대 여자애들 체취를 폐 속 깊이 흡입하고 싶어 미치겠다,6,0.0
아무리 노력해봤자 기승전 와꾸라서 못생긴 것들은 답이 없어.,0,1.0
같이하면 진짜 쥐어 박고 싶을꺼야,0,1.0
최종 실패라잖아..,1,0.0
너는 그럴 돈 없으니까 나한테 비아냥대며 정신승리하면 형편이 좀 나아지니?,0,1.0
너 정말 독하구나,1,0.0
알려줬잖아. 아닌척하다니 염치도 없군.,3,1.0
누구는 물류센터에서 땀 뻘뻘흘리면서 쌔빠지게 일하는데 개부럽네,0,1.0
아 나는 게이들 좀 깨름칙해... 같이 군대에서 생활 못하겟는데,3,0.0
"그럴 땐 기선제압을 해야해, 날 따라해봐",1,0.0
스터디 카페 훌쩍충들 개극혐이지 않음? 진짜 짜증 남,0,1.0
어떤 틀딱이 이 시국에 코스르를 하냐,3,1.0
잠잘 때 시끄럽게 하면 죽여버린다,5,1.0
ㅇㅈ ㅋㅋㅋㅋ,1,0.0
게임에서 이 캐릭터 이렇게 움직이면 팬티 보인다?,6,0.0
찐따 얼굴에 물 준다고 잘생겨지냐?,0,1.0
저 여자도 쉽게 대줄 거 같이 보이잖아.,6,1.0
가게하면서 돈 먼저 주고 돈에 맞춰 안주 가져오라는 갑질은 기본이죠,0,1.0
일본 대기업 성 교육 뭐 별에 별걸 다 가르친다던데 개꼴림 ㅋㅋ,6,0.0
난 저 모델 너무 비호감이더라.,1,0.0
어제 백화점 갔는데 짱깨들 엄청 많더라,3,0.0
페미들 즙짜면 돈주고 다 해주더니만 군인들 다치면 나몰라라 하다가 듸지면 다 입싹 닫고 개 역겨운 새77ㅣ들 이래서 #@#이 안된다,3,1.0
빨리 부국강병해야 저 놈들이 진심으로 굴복할 거임,1,0.0
너 바꾼지 일년도 안됐지 않아?,1,0.0
틀딱들과의 술자리엔 꼭 정치 얘기를 준비해 가세요.,2,1.0
니가 잘난 것 같냐?,0,1.0
한국 여성이 없어졌으면 좋겠다는 확장적 표현이라 정당한 발언으로 인정합니다. ㅋㅋㅋ,1,0.0
내가 맨날 먹버하는 애랑 친구여서 잘알아,6,0.0
"그래, 부모 밑에서 사느니 차라리 남의 돈 구걸하면서 살겠어.",3,1.0
너 패알못이네,0,1.0
"맞아, 앞에서는 괜찮다고 하고 컴플레인 넣어서 개 빡치게 한대",1,0.0
여기서 백날천날 열폭해도 얘네 시급이 님 연봉임ㅎㅎ,0,1.0
여자들은 잘해줄래야 잘해줄 수가 없다니까 하루종일 남탓 징징징 지겨워 죽겠어,0,1.0
말 그대로 글자자판기야,0,1.0
여자 아이돌들은 춤 출 때 속바지를 안입었으면 좋겠어,6,0.0
미국이랑 유럽은 진짜 언제 뒤질지 몰라서 유서 쓰고 작업 한다는데,0,1.0
안타깝다 담배도 피고 꽁초 그냥 바닥에 버리겠네 사람이 어떻게 저럴수가 있을까 ㅋㅋ,0,1.0
있었을리가ㅋㅋ <aoa>때도 이름도 몰랐었는데,1,0.0
진짜로 ㅋㅋㅋ 이러다가 남자는 설 곳이 하나도 없겠어,1,0.0
문방구랑 대형 펜시점이랑 같다고 생각하는 너도 참 삐뚤다.,1,0.0
댕댕이들은 무슨 죄 ㅋㅋㅋ 주인땜에 욕먹네,0,1.0
이렇게 일부 때문에 남자에 대한 혐오가 생기지,3,0.0
이런 기사는 현재의 문씨 정권에선 의미없는 외침입니다,0,1.0
들어간다. 넌 왜 그렇게 키가 작아? 아랫공기는 덥지 않니?,2,1.0
식당 알바는 가난한 애들이나 하는 거 아냐?,2,1.0
야 숏컷한 여자들은 다 페미라고 보면되냐?,3,0.0
어 한명씩 돌아가면서 따먹고 싶어,6,0.0
"아씨, 쭉빵걸 한번 못 만져보고 저세상 가는건가",6,0.0
백신 부작용으로 사망하면 생기는 일 : 아무도 신경 안씀 ㅋㅋㅋ,0,1.0
남자도 중심이 우뚝 서야 한다 뭐,6,0.0
사장놈아 퇴직금도 못주고 그러면 내가 너를 갈기갈기 찢어버릴꺼다,4,1.0
그러게 아무리 힘들어도 뭐 저런 남자를 만나냐?,1,0.0
습관처럼 다리 떠는 애들은 걍 묶어놔야 해.,0,1.0
대선 후보 1위가 음주운전 ㅋㅋㅋ,1,0.0
"참자, 그런 놈 좋다고 빨고 사는 마누라도 있는데...",6,1.0
지가 안 서서 못했나? ㅋㅋㅋㅋ,6,1.0
괜히 열폭해서 열등감 드러내지 말고,0,1.0
니가 알아서 조치를 취해,1,0.0
왜 대한민국은 아직까지도 저렇게 생긴 사람이 있냐,0,1.0
집합 시켜서 기합 함 줘야겠노 건방진 놈 잘 걸렸다,4,1.0
난 심하게 인종 차별하는 사람들은 못 배운거같아서 싫더라ㅋㅋ,1,0.0
#@인간및인간집단.인물.인물_무정보.여성# 듣는 순간 토 나온다.,3,1.0
꼬져주면 좋겠다,7,1.0
없어도 니보단 나을 듯 ㅋㅋ 니 자서전 한번 써보셈 ㅋㅋ ㄹㅇ 인생 풍비박산 이야기 ㄹㅇㅋㅋ,7,1.0
그냥 집하나 사두시고 혼자 사세요,1,0.0
사장이 조선족 사람이라서 그런가 봐.,3,0.0
범죄자들 싹 다 모아서 현실판 #@#어때?,0,1.0
와 묶어놓고 뺨을 후려야 정신차릴거야?,4,1.0
중국인들 대체 지구에 무슨 짓을 하는 거냐,3,0.0
으~ 역겨워~ 나 같으면 혼자 산다 ㅋㅋ 상대방한테 미안해서 ㅋㅋ 개작아 진짜,6,1.0
"김모씨, 전모씨 가짜 인터뷰로 기자가 또 소설 썼네",3,0.0
야이 자석아 술을 뭇으면 집에가서 얌전히잘것이지,0,1.0
#@인간및인간집단.인물.정치인.남성#이 시킨 대로 한 애가 무슨 잘못인데?,1,0.0
그러게 성형이 싫으면 화장이라도 하지,0,1.0
#@#도 김치녀 나와서 떠든 뒤로 시청률 떡락했네,0,1.0
내가 게이라고? 말 다했나?,3,0.0
킥라니 1킬 할 수 있었는데 아깝네,7,1.0
너는 얼굴도 예쁜데 왜 그렇게 귀염성이 없어?,2,0.0
양념당하겠네 조리돌림에ㅋㅋㅋ 쿵쾅이들은 좀 빠져라,3,1.0
저정도면 평소에 음주운전 가지고 엄청 싸웠단거. 한두번이 아니었단거지.,1,0.0
전라도는 좀스럽게 무기같은 거 안 씀,0,1.0
여자는 벅지다 VS 골반이다,6,0.0
지 성기를 자를 정도면 중증 정신병이긴 하지 ㅋㅋㅋ,0,1.0
와~ 휴대폰 케이스 뭐임ㅋㅋㅋㅋ,1,0.0
쟤가 진짜로 대한민국 해먹었구나,0,1.0
그냥 예쁘다고 빨아주는 듯 ㅋㅋㅋ 이게 이쁜건지 사람들 눈알 없는 수준;,6,1.0
ㅋㅋㅋㅋ 그때 공개된 귀공자 #@# 씨 사진이 더 가관이야.,0,1.0
좋은 말로 해도 줄까말까인데. 욕먹고 줄 거 같니. 안 준다. 너같은 애한텐,3,1.0
가슴 큰것들은 미련하다고 하던데.ㅋㅋ,0,1.0
알고 보면 트젠 아니야? ㅋㅋㅋ,3,1.0
"너도 궁금한 거 보니 열등 조센 맞나부다, ㅋㅋㅋ",2,1.0
"#@인간및인간집단.인물.정치인.남성# 아들놈은 조기 축구 때 펄펄 날았다는데, 뭐가 산재야?",0,1.0
저 사람은 말할때 왜 혓바닥을 낼름거리지,0,1.0
그래서 걔네한테 이번 작품을 팔려고.,1,0.0
페미니즘만 있으면 나라 하나 ㅅㅊ 내는 거 일도 아닌데ㅋㅋ,7,1.0
호모자식들 볼 때마다 역겹네,3,1.0
애들 싹수를 보면 부모 인성이 보인다,3,1.0
야 내가 진짜 동성애 얼마나 극혐하는 지 몰라? 남자가 남자를 좋아하는 건 말이 안돼,3,0.0
아역 할 때부터 색기가 남다르긴 했지,6,0.0
#@인간및인간집단.인물.정치인.남성# 정권은 대체 잘하는게 뭐가있냐?,0,1.0
관심 좀 얻어 보겠다고 참 애쓴다,0,1.0
백퍼 집안에 걸ㄹH 유전자 있을듯 ㅋㅋ,0,1.0
결국 안 죽었는데 뭐가 문젠데?,1,0.0
우리 신랑은 밤마다 한 마리의 짐승같애,0,1.0
딸배들 진짜 도로의 암 덩어리인데 전부 모아다가 #@#으로 보내 버리면 좋겠다,3,1.0
#@인간및인간집단.인물.인물_무정보.여성#는 고딩 때 학교도 안갔다.ㅋㅋㅋ,0,1.0
아재 서요?,6,0.0
이 자식 했네 했어.,6,0.0
난 노뚝자리니도 미치겠더라.,3,0.0
뭐래. 정신나갔냐?,7,1.0
탈색하면 탈색빔이야 조심해,1,0.0
친구가 없어서 정신병이 왔는데 정신병 때문에 친구도 없어서 자살도 못 하겠네요.,4,1.0
진짜 극혐이다!,3,1.0
맞아 너는 엉덩이가 너무 밋밋하더라,0,1.0
직원들이 세명몫을 하고있다고 하는데 그 기준을 누가 정하누 직원 한 명당 커피 뽑는 수 제한해뒀나?,1,0.0
단순히 늙어서 저렇게 된 건 아닌 것 같은데.,1,0.0
길에서 레깅스 입은 여자들 너무 선다,6,0.0
봤지 31개월 애기가 먼저 폭행 했다고 때렸단다 진짜 양심 출타 한 놈 아니냐?,0,1.0
정신 나간 소리 하네 니가 돈 벌어 오든지,7,1.0
그게 조선 국룰인데?,0,1.0
저 선수 2000억 짜리 선수 아니냐? 어떻게 저렇게 못해?,1,0.0
그럼 저런 여자들 가죽 벗겨다가 평생 소장했을 텐데,4,1.0
근데 꼭 보면 이길사람은 정해져 있는거처럼 보임ㅋㅋ,1,0.0
? 내가 미쳤나,1,0.0
그러면 제일 원하는 이벤트는 뭐야,6,0.0
이게 다 누구때문에 이렇게 된건데 뻔뻔하게 여길 찾아와,0,1.0
여야를 떠나서 나라를 다스리겠다는 넘들이 하는 짓이라곤...,0,1.0
"근데, 아기랑 발가락이 닮았다더라고. ㅋㅋ 그게 결혼에 성공한 이유인 듯?",1,0.0
내 딸한테 그랬음 갈아서 죽여버렸다.,4,1.0
이런걸 두고 순수악이라고 하나봐,1,0.0
저렇게 살 바에 월 200 벌어도 걍 혼자 쓰고 죽는게 낫다,0,1.0
#@인간및인간집단.인물.정치인.남성# 마눌님 남편 정신머리는 어떤가요?,0,1.0
우리 상사 하는 짓이 퇴근길에 쫓아가서 뒤통수 후리고 싶어,4,1.0
"난 괜찮다고 생각하는데, 너희 어머니 고향에 보내드려 빨리",0,1.0
39세 연하 여친 혼전임신이라니 더럽고 역겹다,0,1.0
국민들 혈세로 떵떵거리고 사네,0,1.0
맞아 그냥 거저 살려고 하지,0,1.0
돈 받아 먹으면 다 그렇게 되는 건가,1,0.0
쓰레기 같은 놈이 슬프기는 돈 어디로 빼돌렸는지 찾아서 너 꼭 감옥에 넣어주마,7,1.0
그러면서도 침착한척 하는게 완전 킬포지,0,1.0
영화 무료 다운 가능한 곳이 없나요?,5,0.0
담배 피다 걸린 애들 나가서 머리 박고 있어,4,1.0
남이야 애를 낳든 말든 님이 뭔 상관?,1,0.0
말 앞뒤 진짜 다름 ㅋㅋ 걔네들은 진짜 신이 있다고 믿는 건가? ㅋㅋ,2,1.0
어짜피 대통령 못돼 쟤는,1,0.0
니가 입고있는 옷 신발 짝퉁이잔아,0,1.0
간만에 공중파에서 시청률 좀 나온다잖아 ㅋㅋ,1,0.0
애도 하나 없이 늙어간다는게 너무 불쌍하자나,0,1.0
거기서 욕먹는 거 보여준 다음 꼴똥표 집결하려는 모양이네.,3,1.0
얻어 타는 주제에 말이 많냐고 싸다구 올렸어야지!,0,1.0
금수저 물고 태어난 너한테 들을 소린 아닌데?,0,1.0
비키니 입고 커피 내려주면 커피 더 맛있을 텐데,6,0.0
솔직히 양심 뒤진게 맞지 그렇게 까지해서 게임을 하고싶나 ㅋㅋ,0,1.0
그냥 이 돈 먹고 조용히 멀리 떠나줬으면 좋겠어.,0,1.0
#@인간및인간집단.인물.정치인.남성#은 총들고 폭탄 설치하며 덤비는 간첩 빨갱이 때려잡은 사람이다,4,1.0
그냥 똥눈거까지 알아야 되나. 일총이 야신 참배하는 게 뭐 그리 대단한 일이라고.,0,1.0
너희 둘. 싸우긴 왜 싸워. 둘이 똑같은 주제에,3,0.0
바퀴벌레 죽일 때도 그런 생각 하냐 ㅋㅋㅋ,1,0.0
참고로 발목은 수녀가 최고다. 전신을 다 가렸는데 보이는 희고 가는 발목...,6,0.0
넌 여자애가 무슨 술을 그렇게 마시고 다녀,2,0.0
20년 꿀빨았으니 이젠 망해주라,3,1.0
거울 본다고 찌질한 얼굴에 광택이 나나요?,0,1.0
현실에서 못할 말 온라인이라고 하는 거 진짜 한심하다,0,1.0
그치 교수가 노예처럼 부려대니까 노예라고 하는거지..,0,1.0
야 니가 그렇게 잘났냐?,1,0.0
ㅇㅇ 개슬람들 들어온다더라,3,1.0
"아니, 배가 임신한 배인데 이상하네.",1,0.0
난 절벽보단 차라리 의젖이 낫던데...,6,0.0
진짜 딱 한 명만이라도 잡아서 성범죄하고 싶어,6,0.0
니 엄마 자궁 난도질해줄까,4,1.0
진짜 이해못하는거 보면 머리 빠개고싶네,4,1.0
맞아 사실 잠만 안 잤지 할 거 다 했을 듯,6,0.0
나보다 몸무게 두 배나 나가는데 돈이라도 받아야지,1,0.0
별 것도 아닌 것 가지고 난리를 치고 있네,0,1.0
노인네들 욕심이 왜 그렇게 많냐?,1,0.0
식당 고를때 피곤하게 만드는 경향이 있지 ㅋㅋ,2,0.0
춘장 제일 어이없는 건 저래 놓고 대통령 독대를 원했다는 거.,0,1.0
딸감으로 따로 저장해 놔야지,6,0.0
잘 줄 것 같이 생겨가지고 난 어제 너 할 수 있을 줄 알았다.,1,0.0
쟤가 뭔데 여기저기 광고 찍고 다니는 거야?,1,0.0
뻔뻔하기도 하지,0,1.0
맞아 미세먼지로 그렇게 숨을 못 쉬게 하더니,1,0.0
나같음 야구배트로 식물인간 만듬.,5,1.0
요즘 티비 중간에 광고나오는것떄문에 다들 미쳐 돌겠는거지,1,0.0
대체 누굴 겨냥하고 자꾸 저런 콘셉트를 들이미는 건지 모르겠다,1,0.0
솔직히 강아지 입양해서 딜도로 쓰는거 아니냐?,6,1.0
술집에 헤픈 애들만 모여있음 좋겠다.,6,1.0
"무식하게 나트륨, 칼륨 이러면 근본 없는 곳에서 못 배운 취급 받아",0,1.0
와 정말 공감 하는데 답도없는 인생이네 진짜,0,1.0
내 여자친구가 말도 안 하고 타투 하면 머리채 잡고 개 패야지,4,1.0
역겨운 전라도 홍어가 어디서 이래라 저래라야,3,1.0
노숙자들 밤에 얼어 뒤지는 거 아니냐?,0,1.0
귀에 말뚝을 박았는지 듣지도 않아,0,1.0
#@#인들 왜 이러냐 성욕의 노예냐,0,1.0
너나 나나 별 차이 없거든 ㅋㅋ,1,0.0
교사가 저렇게까지 공감능력이 없다고?,0,1.0
이런거 볼때마다 한숨밖에 안 나온다 답도없다 진짜..,3,1.0
그러게 친구 하나 정도는 사귀어두지 그랬냐.,1,0.0
맞아 진짜 귀엽지 않냐 ㅋㅋㅋ,1,0.0
그걸 자랑이라고 말하고 있냐?,1,0.0
몇살에 #@인간및인간집단.인물.정치인.남성#을 만났냐에 따라 20~30대의 인생이 갈렸다,1,0.0
뭐야~ 기집애같이!,3,1.0
나 아까 껌 밟았는데 이거 다 대깨 때문임,3,1.0
벌레 들어오면 네가 잡을 거야? 시끄러워,2,0.0
우리 집 개가 요즘 너처럼 짖어,1,0.0
크 명언보소 ㅋㅋㅋ,1,0.0
너 이번에 과거 설거지 제대로 했더라?,1,0.0
그럴만 한 게 춤 추는 영상 보면 개꼴려서 헤으응 소리가 절로 나와 ㅋㅋ,6,0.0
속으로는 그렇게 생각하면서 착한 척 하지마라,0,1.0
출근시간에 장애인 안내견 버스에 태우는건 오바아님?,2,0.0
웬만한 av 배우보다 낫다니까.,6,0.0
감성 발라드 듣는 남자들은 하나 같이 연애 못함,2,1.0
진짜 염치 없는 사람들 많은 것 같음,1,0.0
진짜네 비아그라먹은거처럼 단단하네,6,1.0
그 사람 때문에 운전자는 무슨 죄야,1,0.0
여자애면 화장도 좀 할 줄 알아야지,2,0.0
육각모 방망이 들려서 포졸 출동시켜라. 몽둥이가 약이다~ㅋ,4,1.0
안전벨트 좀 안 했다고 사람을 죽이냐?,4,0.0
귀 씻어야겠네,7,0.0
침대에서도 저렇게 몸 쓸 거 같다,6,0.0
오늘의 딸감,6,0.0
나의 무엇인가가 솟아오른다,6,0.0
이게 뭘 잘했다고 말대꾸야. 나가.,3,1.0
신고도 무섭고 그만둘까봐도 무서워.,1,0.0
그렇게 계획 세워서 진짜로 실천하는 인간들 본 적이 없음 ㅋㅋ,1,0.0
애ㅅㄲ도 아니고 뭐냐? 마마보이임? ㅋㅋ,7,1.0
너야말로 말문이 막히니까 괜히 욕부터 나오는 거 아니냐?,0,1.0
자기도 강남 안 살면서 이건 웬 강남 부심?,0,1.0
진상들 왜 저러는 거야,1,0.0
이 주식 주포는 개 쫄보인듯 ㅋㅋ,0,1.0
사과했는데 그럼 방송에서 울상짓고 있음? 울상이면 울상이라고 또 뭐라 할 거면서;,0,1.0
한국의 동물 해방한다는 애들은 그냥 능지가 처참하게 박살 난 것 같어,0,1.0
여자가 화장 안 하면 양심 없는 거지.,2,1.0
빠따질 풀스윙 5대 정도 후드려 맞으면 괄약근부터 정신 차린다,4,1.0
저런애들도 전국민앞에서 다리 벌리고 가슴 내놓는 일본이란 나라는 대체..,6,1.0
사람이 맞고 있는데 동석자 경찰 간부는 퇴근을 했다고?,1,0.0
이게 슬슬 본성이나오네 알았다 누버라 장기 열자,5,1.0
ㅋㅋ 등산하면서 불륜하는 틀딱 구경이나 하자,2,1.0
ㅋㅋㅋ 다음에 한 번 좋은 여자 소개해드려,6,0.0
자기 일을 왜 나한테 시키는 거임? 어이없어,1,0.0
예체능 준비 하는 애들 대학 쉽게 가는 거 솔직히 인정하냐?,1,0.0
상생지원금 카드사 캐시백보다 난이도 빡세다. ㅋㅋㅋ,1,0.0
뭐래 꼬삼 주제에,6,1.0
아무나 누나 있는 사람 허벅지 사진 좀 올려봐,5,0.0
"운은 무슨, 시간 부족이 실력 부족이지.",0,1.0
성형수술을 각자 취향대로 했구만. ㅋㅋㅋㅋ,0,1.0
너 왜 장애인처럼 걸어?,2,1.0
남자는 신안으로 여자는 오피로 돌려,1,0.0
진작 모가지를 따버렸어야 했네..,4,1.0
아들이 경기 산하기관 떨어진 게 자랑이냐?,0,1.0
여자가 치마도 좀 입어야지 또 바지야?,2,0.0
진짜 남자로서 자존심도 없나보다,0,1.0
잘먹고 자라지 못했다는 얘기지.,0,1.0
동성 결혼을 왜 합법 시키는지 모르겠어,2,0.0
한남들 이제 글자도 못 읽노,2,1.0
트로트 이제 지겨워죽겠다,1,0.0
아 왜 이거 하나도 제대로 못하냐,1,0.0
운동 한번도 안해본ㅅㄲ가 뭐래,7,0.0
그래도 정식 직장이 알바보단 안정적이라는 것도 사실이야. 이 맹꽁아,0,1.0
소문나면 패가망신이야,3,0.0
진짜 좀 맞으면 말을 들으려나?,4,0.0
짱깨 시켜서 먹자 오랜만에,3,0.0
여자들도 답 없는 건 여전해 지들 머리 수준에 맞춰 발전하는 건데 그러니 제자리 걸음이지,3,1.0
나는 입술에 바로 박았다 ㅋㅋㅋ 방송 끝나고 바로 방 잡았을듯,6,0.0
마 여기가 니땅이가 왜안되는데?,1,0.0
고기 예찬론자 나셨네,0,1.0
그냥 진짜 여자임 ㅋㅋㅋㅋ이게 여자다,2,0.0
페미들 설치는 거 그만 보고 싶다.,0,1.0
나이 먹고 집에만 있는 노인네들 보면 진짜 한심하지 않냐?,0,1.0
으 고환이나 똥꼬에 찍히면 그냥 요단강 가겠는데 ㅋㅋㅋ,4,1.0
그럼 한번 대줘요 겜 끝나고 번호주면 바로 갈게요,6,0.0
인천은 라도조무사더라,2,0.0
맞아 마스크 내리면 딴 사람이더라,1,0.0
코 뭍은 돈 긁어 먹으려는 거지,3,1.0
내 얼굴이 방앗간이냐 빻게!,0,1.0
이거 까는 것들이랑 대깨문이랑 별반 다르지 않을듯,3,1.0
"난 거기까지 생각 안 했는데, 음탕한 생각은 유진씨가 했나 봐요. ㅋㅋㅋ",6,0.0
요새 젊은애들은 의지가 없어 편한것만 할라고하지,0,1.0
이럴 거면 그냥 올해 내내 거리두기 해라,1,0.0
딱 봐도 드러운 물인데 거기에 발을 담그다니.,0,1.0
쟤는 얼굴은 예쁘장한데 몸이 영 아니다,0,1.0
몰라 붕신같은시키야.그냥 되는데로 불러.,3,1.0
나 헬스장 여자들한테 능욕 당했어.,6,0.0
오빠 폰에 몰래카메라 있다고 화내는 동생들은 육수충 맞지 ? 그것좀 볼수도 있는거 아니야 남자로써 ?,0,1.0
저런 인간은 악마지 악마!,0,1.0
#@# 아직 되는 가게에서 싹 털고 왔다,5,0.0
"맞아, 그러면서 노래한다고 대학 안 가는 거라고 포장하더라고.",1,0.0
이건 너무 돈만 밝히는 드라마 같다,1,0.0
막상 나중에 선거하면 #@인간및인간집단.인물.정치인.남성# 비호감이라 안되잖아,1,0.0
기집애들이 없으니 볼 맛이 안 난다,2,1.0
진짜 이런 상사 밑에서 일해야하다니 너무 암담한 현실이다,1,0.0
무슨 개솔?,7,1.0
이게 진짜 사람사는 집구석이냐 돼지우리지,0,1.0
"오우야, 엉벅지 장난 아닌데?",6,0.0
야 몽둥이 가져와 후려쳐야 정신차리지,4,0.0
대체 #@인간및인간집단.인물.인물_무정보.여성#이 뭘 그렇게 잘못했길래 사법권력까지 압제를 하냐,1,0.0
최소한 꼭지 노출 정도는 가지고 와서 호들갑 떨어,6,1.0
아프니까 청춘이다라는 말이 제일 싫어 걍 아프기만 하다,1,0.0
돈이면 여자 마음도 살 수 있을 것 같아?,0,1.0
ㅋㅋ 그러니까 쟨 눈도 이상하게 뜨잖아,3,1.0
산에서 담배 피우는 놈들은 생각이 있는 거냐?,0,1.0
"그 형도 참, 여자보는 눈이 없다.",0,1.0
깡통만 하나 차면 딱 거지네.,7,1.0
아니 그렇게 파인 옷 입었으면 쳐다봐달라는 거 아냐?,1,0.0
맛있다고 먹는 사람이 줄 섰는데 왜 니 혼자 난리야,0,1.0
ㅋㅋㅋㅋㅋㅋㅋ그럼 킹정이지.,1,0.0
남편 없을 때 확 덮쳐서 ㅅㅅ해버리고 싶네.,6,0.0
이노무 새77ㅣ가 어디 어른한데 말버릇이 사가지가 없어,7,0.0
돈 아깝게 무슨 사형은 무슨,1,0.0
ㅋㅋㅋ 그 사람 아다아니야?,6,0.0
아쉽겠다 딸 하나 아들 하나면 더 좋았을 텐데,2,0.0
그니까; 아이돌은 안 나오고 #@인간및인간집단.인물.방송인.여성# #@인간및인간집단.인물.방송인.여성#가 뭐임;,1,0.0
어린애랑 여자들 건드리는 놈들은 인간이 아니라고 본다.,4,0.0
실수로 방잡고 옷 벗고 한 게 실수냐?,1,0.0
사랑해요? 내가 누군지 알고,1,0.0
너같은 인싸는 저리가,0,1.0
이런 예쁜 사람 쓰면 누가 뭐라 하냐 걍 얼굴 상이 다르다고,1,0.0
아무리그래도 이따위로 써놓고 돈벌면 너무 개꿀이쟈냐,0,1.0
근대 5종은 중학교 운동회 같이 좀 허접해.,1,0.0
하는 거 하나도 없으면서 돈만 엄청 번다니까?,0,1.0
노땅이면 다야?,7,1.0
안수기도하는 목사들 손바닥도 확인해야.,0,1.0
"우리 할머니 신으시는데, 그런 거라니. 다시 말해봐",1,0.0
저 여자 결혼 전에 남자 재산 계산해보는거 징그럽다.,3,1.0
그니까 잠깐도 보기 역겹다.,3,1.0
너 같은 한남 욕구 풀어주는 게 싫어서 안 입어,3,1.0
야 한국 남자들 동아시아에서 제일 마초적임,2,0.0
날마다 다른 그라비아 모델로 변신시키게 해서 매일 따먹고 싶음.,6,0.0
무슨 그딴 정책이 다 있어,1,0.0
머리통에 주먹 꽂아버리고 싶다,4,1.0
잔소리좀 그만해 눈알 뽑아서 당구공으로 쓰고싶네,4,1.0
몸 굴리다가 애 벴을지도 모르지,0,1.0
와우 빵댕이들이 억수로 실하네 ㅋㅋ,6,0.0
오든 말든 그게 중요한 게 아니고 보기도 싫어 그냥;,0,1.0
여자는 중학생이 딱 귀엽고 사귀기 좋은 나이지,6,0.0
#@# 쓰면서 서양이 자기들 발아래 있다고 생각하는 대열에 합류한다고?,1,0.0
그런 애들이 밤에는 술집에서 누워있는 거야,6,1.0
네 입에서 튕겨 나오는게 다 어디로 가냐?,0,1.0
입 틀어 막기전에 빨리 짜져 찌그러져있어라,7,1.0
개념이 변소 똥통만도 못하네,3,1.0
오늘은 스시녀로 가상 데이트합니다,2,0.0
어쩔 수 없이 이용해야 하는 공공성이 없고 안가면 되잖아 박하게 장사해서 스스로 도퇴되든지 말든지,0,1.0
나 잡히면 네 딸 납치해서 죽여버린다,4,1.0
야 너도 지난주에 몰래 갔다온 거 알아 ㅋㅋㅋ,1,0.0
그럼 이 일 당한 사람들은 하늘에서 버린 거냐?,1,0.0
근데 쟤들한테 웃어주려고 해도 현실적으로 재미가 너무 없어...,0,1.0
근데 주변 주민들은 귀청 째질듯,0,1.0
어멈아 사골 좀 그만먹자,0,1.0
방구석 여포들의 키보드 칼질이 얼마나 무서운데 그걸 나한테 떠넘기냐?,3,1.0
자기 애들은 사용 못하고 졸업하나 보네,1,0.0
짱깨ㅅㄲ들 생각하는 것도 역겹다 진짜 ㅋㅋ,7,0.0
연령 제한을 두면 될 텐데 왜 안하나 몰라,2,0.0
아우~ 촌닭시키!!,7,1.0
걔네는 일단 사회에 불만이 너무 많음.,1,0.0
겁나 촌스럽고 노티작렬인데?,0,1.0
그런 건 왜 물어. 평소 하던대로 해. 시비거는 거야?,2,0.0
맞아 그런 애들은 눈에 안 띄었으면 좋겠어,1,0.0
저게 국회의원 사무실이야 놀이터야,0,1.0
야. 내가 1년을신던 2년을신던 뭔상관이냐 니가? 말 참 예쁘게한다.,1,0.0
맞아.. 솔직히 차례지내는거 고지식한 집안이나 지키는거지,1,0.0
남친 몰래 원나잇했는데 죄책감 든다..,6,0.0
그거 니 미래임. 예언가인가 봐요? 나중에 돈 빌려달라고 연락하면 죽여버릴 거임,0,1.0
한국에서 조사한 거 맞을까?? ㅋㅋ,1,0.0
직업에 대해 다시 생각해 봐야할 수준이야.,1,0.0
취업안되면 한강물 따뜻할떄 떨어져 자살하는게답이다,3,1.0
하지만 대체로 가난한 애들이 그렇지,0,1.0
개미처럼 그렇게는 못 산다..,1,0.0
신박하긴 한데 하나도 재미없음.,1,0.0
자격증 박탈시켜라. 저렇게 이쁘고 어린 강아지를 몰지각스럽게 때리다니.,0,1.0
저도 님한테 존중받을 일도 존중할 일도 없으니 상관없어요,0,1.0
복학하면 신입생 병아리들 중에 하나 골라서 잡아 먹고 싶다,6,0.0
요즘 밤마다 #@# 가슴 만지고 젓꼭지 빠는 상상만 해..,6,0.0
솔직히 저 오빠가 나보다 가슴 클 듯...,6,0.0
"야, 그거 한국 아니고 미국 소방관이야 기사에 또 낚였냐?",3,0.0
가을타는지 주변에 기집애들 꼬라지가 장난 아님,2,1.0
ㅋㅋㅋ 맞긴해 비리 천지지,0,1.0
혼자 살다가 아프로 외로워봐야 뼈가 덜덜 거리지,0,1.0
ㅋㅋ그리고 여자도 같이 따먹고~,6,1.0
광주 출신 애들은 약간 눈빛이 이상하지 않아?,2,0.0
전문가도 모르는 걸 어디서 주워들었냐?,1,0.0
진짜 숟가락이랑 도구끼리 같이 가둬 놓고 패고 싶음,4,1.0
너 고깃덩이로 만들어버리기 전에 빨리 갚아라,4,1.0
ㅋㅋㅋㅋㅋㅋ일부러 보는 것들도 역겨운데 본것도 아닌데 개난리냐고,0,1.0
아주 못 기어오르게 개 패야됨 조기교육 ㅋㅋ,7,1.0
제발 가달라고 빌고 기어도 안갈듯,0,1.0
님은 대뜸 반말하고 막말하면서 사회생활 잘 하시나 보네요,1,0.0
개념없는 캠핑족 극혐한다,0,1.0
쓰레기통에 들어가면 뭐든 쓰레기 되는 거지,0,1.0
나라의 노예가 되는게 인생 최대업적인애들이 그러더라,0,1.0
너는 거울치료 필요할꺼같다.,0,1.0
아니 다리가 너무 굵어서 내 눈에 너무 잘보여,1,0.0
너랑 있으니까 날씨 운도 안따라주네,1,0.0
실수 한번 했다고 진짜 과장해서까지 뭐라하네 요즘 머글들이 더 해요; 잦도 모르면서,7,1.0
선생이면 선생답게 그냥 aㅏ갈이 싸물고 계세요,7,1.0
가슴 단단하고 허벅지 탄탄한 남자들 보면 다리 벌려주고 싶어,6,0.0
한 번만 더 바쁜데 말 걸면 죽여버려야지,3,1.0
한남들이지? 더럽다 진짜,3,1.0
ㅋㅋ 싸패가 아니라 소패라 범죄에 관심없으니 괜찮,0,1.0
이도저도 아니야. #@인간및인간집단.인물.인물_무정보.여성#가 제일 세여.,1,0.0
근데 어느 시점에서부터인가 사회의 암적 존재가 되었어,3,1.0
흡연구역 밖에서 피는새끼들 암걸려 다 뒈졌으면 좋겠네,4,1.0
뭔 말만 하면 즙짬ㄹㅇ,2,1.0
단백질 먹다가 항문 찢어지겠다,0,1.0
으 앉아서 까딱까딱 리듬타는 거 상상된다ㅋㅋ,0,1.0
페미아웃,3,1.0
차로 들이 받을 수도 없고 빡치네 전화해보자,4,1.0
미인은 잠꾸러기라던데 넌 왜 그러냐,1,0.0
ㅇㅈ 급한 사람 있으면 그 사람이 누르는 거고 아니면 안 누르는 게 기본이지 뭘 매너 운운을 하는지,1,0.0
어우 쪽바리랑 붙으면 진짜 이겨야 된다,2,1.0
너 말하는 게 딱 봐도 쪽바리스럽네,2,1.0
저 여자 임신시키고 싶다,6,0.0
남자는 다 더러워,3,0.0
왜? 얼굴이랑 몸매는 죽여주는데 난 계속 덕질할거야,1,0.0
원래 1호선에 틀딱에 노숙자에 감성팔이해서 돈 벌라는 거지들 많아ㅋㅋ,2,1.0
골수 빠순이들 오늘도 열심히 일하네.,0,1.0
이미 죽었는데 뭔 모독 ㅋㅋㅋ,1,0.0
보정 저렇게 심하게 하는 이유를 모르겠네 시공간을 쥐락펴락 함 ㅋㅋ,0,1.0
문화 대혁명이 아니라 문화 대파괴라고 하는 게 정확할 듯합니다,0,1.0
맞아 한녀였으면 지 자식 쓰레기통에 버렸겠지,3,1.0
땅덩어리 크기가 좀만하다고 얘기했었지?,7,0.0
그래도 남들한테 피해주면 안되지 빨리 맞아!!,0,1.0
얼탱이가 없음ㅋㅋ 지가 나가서 직접 춰보던가,3,1.0
오징어게임 3라운드가 시작되는 건가..,1,0.0
멀쩡한 사이트가서도 분탕질이네,1,0.0
병원 늘린다고 할 때 의사들 뭐했는지 기억 안 남? 붕어야?,0,1.0
담주에 전라도 가야되는데 여권 가져가야하나?,2,0.0
중국인 들은 미세먼지 를 제공 하고 공장도 많이 만들어서 여러 나라에 피해 끼치는데 정말 혐오스럽다,1,0.0
그러게 말야. 괜히 이미지 안 좋아져서 집값 떨어지겠네!,2,0.0
지 마누라가 줄리인 걸 몰랐다는 건가,0,1.0
저런 것들은 평생 가둬놔야 하는데.,0,1.0
혼자 먹기 싫으니까 그냥 좀 처먹어 비싸게 굴지말고,7,1.0
내 눈에는 몸매밖에 안 보이던데,6,0.0
"참나 지들이 IS냐, 중공군이냐",0,1.0
매일 전화해서 찡찡대는 인간들은 좋아할래야 좋아 할수가 없어,0,1.0
그놈 눈도 뇌도 다 뽑아버려,4,1.0
너 #@인간및인간집단.인물.방송인.여성#엄마냐?ㅋㅋㅋ,0,1.0
아오 그냥 찢지 그랬냐 그건 정당방위인데,0,1.0
이정도면 대국민 사과해야하는 거 아니냐?,1,0.0
내가 일하러 회사왔지 수다 들어주러 왔냐고,3,1.0
의수 낀 장애인이 그린 그림이 정상인 그림보다 나을 리가,2,1.0
기상캐스터는 다 방송국장들한테 다리 벌리고 직업 따내는 색희들 아님?,6,1.0
무슨 고릴라같이 생겼구만.,0,1.0
이거봐 ㅋㅋ 또 찌질하게 나오네,0,1.0
매번 인과성 없다고 하는 것도 무책임한 거 같다,1,0.0
예쁘다고 해 줘도 멍청해서 칭찬인 줄 몰라요. 성격 진짜 더럽다.,0,1.0
잘생겼는데 머리만 없는 거임,0,1.0
틀니 부셔버리고싶네,4,1.0
택배 보낼 때 청산가리 묻혀서 택배 보내라고 하면 해결인데 아쉽누,5,1.0
동네상권 다 죽이는 아주 악질 기업 총수지,3,1.0
밤 늦게 자가 격리자들 소리 지르며 갑질 행세하는데 미치겠다.,3,0.0
여성 전용칸 일본에서도 욕 처먹는 정책인데 저따위만 수입해 오는 거 보면 진짜 대단하다.,0,1.0
"참 이상한게 #@인간및인간집단.인물.경제인.남성#은 빨면서 삼성폰, 가전제품은 쓰레기라고 하네",0,1.0
가슴 허리 골반 어디 하나 안 빠지네,6,0.0
노인들 치아 다 빠진 거 보면 징그럽지 않아?,2,0.0
"아 진짜 좀 그렇네 뱃살 보이는 거, 운동 1도 안 하는 사원이라 쭈글쭈글한데...",0,1.0
개념없는 윗집은 꼭 이불 빨래 널어놓으면 베란다 청소하더라.,1,0.0
어휴 돈 아까워 정말 자식 키우는 맛 안 나서 못 살겠다,1,0.0
일본어나 쓰는 쌉타쿠들은 다 죽었으면 좋겠어.,3,1.0
다음에 만나면 눈도 못 뜨게 패버리고 싶다.,4,1.0
걔네는 우리랑 다른 짐승인지 모르겠는네 본인의 욕구대로 살면 안되는 거임.,0,1.0
맞아. 그리고 공원은 노키즈존으로 좀 만드는 게 좋을듯?,2,0.0
꼭 기부 한 번 안해본 애들이 트집을 잡아요,0,1.0
우리 잼민이는 난독인데 산수도 못하노ㅠㅠ,0,1.0
ㅋㅋ하긴 털없는 게 로리같아서 좋긴 하지.,6,0.0
‘민주’ 듣는 순간 토 나오기 시작한다.,3,1.0
아니 칼로 따일 수 있음,4,0.0
장기는 온전히 남아있나 살펴봐라.,0,1.0
누구는 지들만큼 감성이 없고 로맨스를 몰라 바람을 안 피우는 줄 아나,0,1.0
#@# 게임 하는애들은 전부 방구석 찐다 인듯,0,1.0
내가 니 남자친군데 그정돈 할 수 있잖아!,1,0.0
솔직히 잘생긴 사람들이 성격도 좋은 것 같아.,2,0.0
얘 겁나 야하게 생기지 않았냐,6,0.0
사회적으로 문제있는거지,1,0.0
그렇게 나온 범죄자들은 다시 범죄 저지르지 어디 시민이 되냐,1,0.0
왜 그런 현실은 얘기 안 하고 건설사만 욕하는지 모르겠음.,1,0.0
저렇게 키운 부모들이 더 문제다.,0,1.0
말이 3가지만 한거지 할 수 있는 건 다한거네.,1,0.0
중국산이 싫다고 하는데 왜 먹는거랑 입는게 전부 짱깨에게서 오는 걸까,1,0.0
그런가 ㅋㅋ,1,0.0
그래도 너무 야만인 같던데,0,1.0
이 시국 언제 끝나냐 진짜.. 다들 돌아다니니까 더 번지잖아 장난치나,0,1.0
저런애들 자빠뜨리는거 개쉬움,6,0.0
솔직히 공중파 드라마 망한 이유도 다 ppl 때문이잖아,1,0.0
생리하는 거 아니야?,2,0.0
집구석에서 애나 키우지 회사는 왜 다녀서 피해주는지 몰라.,2,1.0
성공비결은 태어난것 그자체아닐까???,1,0.0
살이 찌는데에는 다 그만한 이유가 있습니다요.,0,1.0
저 사람은 무슨 젓가락이 걸어다니는 줄 알았다,0,1.0
"왔다갔다 박쥐 샛기야, 그냥 싸물고 있어라",0,1.0
그렇다고 기본기도 없는 그림들 가지고 현대미술 운운하는 놈들 보면 죽빵 마려움 ㅋ,4,1.0
욕 배틀 할 시간에 공부나 해,1,0.0
생명 가볍게 여기는 저런 애들은 연예인 할 자격 없어,0,1.0
그래 나도 니하고 더 못산다 이혼해.,3,1.0
너네 엄마 오피 도 뛰시는 것 같던데 내가 불러서 다독여드릴까?,0,1.0
코로나 걸린게 유세도 아니고 왜 의료진한테 화를내,0,1.0
남자는 역시 외국산 아니겠니,2,0.0
솔직히 #@#은 너무 보수적이고 뭐만하면 심의에 걸려서 뭐 하지를 못함 ㅋㅋ 근데 #@#보셈 그냥 거침없이 내뱉잖아 그게 진짜 예능이지 .. 솔직히 #@#은 평생 #@#못따라감 ㅋ,1,0.0
마약 청정국이라더니 완전 착각하고 있었네,0,1.0
"아니, 나는 네가 여자니까 걱정돼서 그렇지.",2,0.0
옷없다고 외출도 안하면서 자전거는 벗고 탈거냐?,0,1.0
그럼 이대로 정신개조해버린다?,0,1.0
학생한테 콘돔을 팔면 어떡해요? 내딸 임신하면 책임질거에요???,1,0.0
#@인간및인간집단.인물.정치인.남성# 공약 보면 구체적인 게 없고 다 두리뭉술해,1,0.0
네 일이나 잘 해!,1,0.0
그럼 죽어.,4,1.0
검둥이 자식이 목화 노예 근성이 남아 있어서 그런가 봐,3,1.0
수산업자인지 보징어업자인지,6,1.0
이게 #@#의 흔한 샌드위치 클라스입니다. 고기가 한가득입니다요.,0,1.0
오늘 나 죽고 니 죽자! 니들 이제 끝났어!,4,1.0
이련 ㅋㅋ 팔 한쪽 부러트려 놔야 Aㅏ가리를 함부로 안 놀리려나 ㅋㅋ,7,1.0
근데 실패해서 오히려 짐이 되었네요,1,0.0
전문가들도 #@#꺼만 쓰는데 그 좋은 기기따라 쓰는 데 국적이 왜 나오냐,1,0.0
간호사 애들 다 의사한테 한번씩 대주고 취업한 거 아님?,6,1.0
요양원은 진짜 답 없겠다.. 말도 안 통하고 오늘내일 하는 사람들 보면 힘들듯,1,0.0
주변에 있다고 생각하면 소름끼쳐,3,0.0
자식 농사 잘 되는 게 부자인 거야.,1,0.0
재미도 없고 키만 멀대 같이 커서 보기 싫다,0,1.0
아~그러세요 공주마마ㅋㅋ,0,1.0
지 맘에 안 든다고 이렇게 욕을 퍼붓는다고?,1,0.0
#@#이 우리나라 오는 목적은 어린 여자애들 어떻게 해보려는 거야,2,0.0
혼전임신때문에 결혼하는거 아니라더니~,1,0.0
진짜 정작 까보면 아무것도 아닌 애들이 진짜 그러더라 ㅋㅋ,1,0.0
어쩌다 저렇게 망가졌을꼬..,1,0.0
어그로 끌지말고 나가 팬도아니면서,0,1.0
님 스섹 스섹 스섹,6,0.0
안그래도 다들 너 임산부 인줄 알더라 ㅋㅋㅋㅋㅋ,0,1.0
"맞아, 뱃살도 안되고 우락부락 복근도 안돼",2,0.0
넌 참 갖다붙이기도 아주 잘하는 구나.,0,1.0
돈이 없는데 가족은 무슨 가족들은 그런 생각 1도 안할거다.,1,0.0
난 도태되고 미성년자 만날래. 내 롤모델이 #@인간및인간집단.인물.범죄자.남성#이거든.,5,0.0
맞아 그런 말 할 시간에 니 인생이나 신경 써라,0,1.0
완전 맘충아니야 맘충,7,1.0
ㅋㅋㅋ 근데 내 손은 짝짝이가 아니라서. 자꾸 신경에 거슬림.,6,0.0
와 어떻게 그거 서치하면 망돌밖에 안 뜨냐 ㅋㅋ,0,1.0
이런 여자랑 하면 1초 안에 찍 할듯,6,0.0
저도 넉넉하게 하니까 상사가 꼽줬어요 ㅜ,7,0.0
싫으면 싫다고 얘기하면 되는데 벙어리인가 봐,0,1.0
내가 형냐들을 왜 인정해야해?,3,1.0
저것들은 자기들 돈이 어디서 나온다고 생각하는 건지,0,1.0
빨통 찰지던데 십년 힐링된다,6,0.0
책? 니가 책을 읽는다고?,1,0.0
그래서 진화론이 나오고 그래서 다른 동물들을 미개하다고 하는 거겠지.,3,0.0
어제 축구 봤어? 진짜 찐따 같이 못하더라,7,1.0
지가 불편하면 저쪽으로 가서 씻으면 될걸 찝찝하게 만지고 그래,0,1.0
"#@인간및인간집단.조직및단체.정당#이나 #@인간및인간집단.조직및단체.정당#나 색깔만 달랐지 다 같은 쓰레긴데, 찍긴 뭘 찍어?",0,1.0
토착 빨갱이들 다 죽여야 됨,4,1.0
야 담배 없냐 담배좀 내놔라 개 말린다,7,0.0
그냥 지밖에 모르고 예의가 없는 거지.,0,1.0
저 여자는 웬만한 자세는 다 될 듯 남친 부럽다,6,0.0
그 분들 없었으면 너 이미 죽었을 걸?,0,1.0
방송에서 축구 볼 때 토토 얘기할 때부터 싸했다.,1,0.0
맨날 벽에 똥칠만 하는 노친네들 역겨워 죽겠어,3,1.0
맨 앞에 앉아서 밑에도 보고 싶다,6,0.0
돈 썩어나는 집 태생이면서 저러는 거 아니야?,0,1.0
그러니까.. 마주치면 피하고 싶은데 정말,3,0.0
그러면 오늘은 처제 한번 따먹어도 됨?,6,0.0
너 야동보는거 인증샷 단톡방에 뿌린다~,5,0.0
ㅇㅈ제발 사형 좀 시켰으면 좋겠다.,0,1.0
나는 투명 인간이 돼서 여탕 들어가서 여자 알몸 구경하며 자위하고 싶네 ㅋㅋ,1,0.0
그냥 알려주면 안돼? 아주 그냥 비싸게 구네 이깟게 뭐라 고;;,7,1.0
코로나 블루냐? 발끈할 건 없잖아. 디게 없어보이네.,0,1.0
이게 무슨 냄새야?,1,0.0
그냥 징징 거린거 왜에 진행 한게 있냐?,0,1.0
"소상공인, 자영업자들만 영업 제한이 센 거야!",3,0.0
"앞뒤 뻔한 7,80년대 드라마 스토리 보드네…",0,1.0
이것들은 불리하면 화부터 내는 게 컨셉인가 봐,0,1.0
둘이 합치고 국제적으로 격리하면 퍼펙트,0,1.0
솔직히 남편이 바람피는거는 와이프도 잘못 있지 않음?,2,0.0
그런게 어딨어. 뭐든 이기기만 하면 되는 거지,1,0.0
너한텐 비싼 걸 먹일 가치도 없다,0,1.0
특히 저거는 역겨움의 결정체인 듯,3,1.0
한번 인성고자는 영원한 인성고자야. 구제 못해.,3,1.0
그 영화 한 번 보고 이해했다는 놈들 걸러야 함,0,1.0
더불어만진당?,1,0.0
맘충들 별로 없어,1,0.0
혹시 지금 불행 배틀을 제안하는 거니?,0,1.0
저 할아버지가 너구나?,3,0.0
서로 안하면 그만인데 누가 그런걸 억지로 시킨다고그럼?? 쉽게돈벌고싶으면 몸파는거고 성욕풀고싶으면 가는거지;;,0,1.0
나 엄마 없는데?ㅋㅋ,0,1.0
쟤가 소심해서 그래.,2,0.0
볼때마다 피나와서 토나올뻔..개역겨운데 그딴거 왜봄?,3,1.0
저러니까 친구들한테 다 손절당했지.,0,1.0
잘생기면 됐지 겁이 많으면 어떠냐?,1,0.0
어차피 어떤 놈이 그자리에가든 이번판 대선은 별반 의미없을게다.,1,0.0
그렇다고 보복운전하는 애가 정상이냐?,1,0.0
장애인들은 생각하는게 이기적이라서 존중? 필요없음ㅋ,2,1.0
펫샵에서 분양받았지만 유기견 봉사 다니고 기부할 수도 있는 거지,1,0.0
관리실에서는 대체 일을 어떻게 처리하길래 새벽에 소방 알람이 몇 번이나 울게 해!,1,0.0
왜 여자들 많은 직업만 자꾸 기계로 갈아치우는 거야.,1,0.0
비슷한 시간대 영화 따로 봐!,1,0.0
방구석 파오후들 소름끼친다,0,1.0
저 남자는 남자치고 참 곱게 생겼다.,2,0.0
얼굴도 예쁜데 장애인이라니 ㅠㅠ 안타깝다.,2,0.0
너 진짜 눈치도 없냐?,0,1.0
기러기한테 새우깡 주고 싶다,0,1.0
저런식으로 내로남불로 구는 것들은 진짜 다 연애하면 안돼,0,1.0
내가 알아? 확 그냥 절벽에서 밀어버리고 싶네,4,1.0
오늘 각자 엄마 걸고 해볼래?,1,0.0
그 말을 들으니 너를 죽여서 못 만나고 싶구나.,4,1.0
니 이럴 때마다 내가 대리수치 느껴서 짜증남 ㅠㅠㅋㅋ,3,1.0
왜 나한테 어필을 하고 난리야 ㅋㅋㅋ,0,1.0
니가 그모양이니 맨날 감기를 달고 사는거야,0,1.0
사람이 그렇게 없나. #@#이 남아나질 않겠네.,0,1.0
부장 머가리는 꼭 따고 나와라,4,1.0
이래서 조선시대로 다시 돌아가야된다니까 ㅋㅋ,0,1.0
너나 잘해…,1,0.0
조용한걸 원하면 집에서 쳐해라 ㅂ신아,7,0.0
죄송한데 저도 나름 하위 20%안에 들기위해서 많은 노력을 했어요,1,0.0
한 번만 더 그딴 소리하면 진짜 두들겨 맞을 줄 알아,4,1.0
기가 막힌다 명예가 그렇게 아무에게나 있는걸 줄 아나?,1,0.0
어떤 아저씨가 몸빵해서 나 길가에서 날라감,2,0.0
참 더러운 병이지.,3,1.0
눈깔 뽑아서 입에 넣어버리고 싶다,4,1.0
괜히 발 담갔다가 독박 썼네,1,0.0
꼴리는 여자들이 일찍 결혼하고 애 낳는 거임ㅋㅋ,6,1.0
할카스 매독 없나 조심해라 성병 많음,6,1.0
"니 상황아니라고, 이게 웃기냐?",1,0.0
가난한 남자는 다 찌질이고 못생긴 여자는 다 착하냐?,0,1.0
진심은 아닐듯 자살폭탄 테러를 안하면은 본인을 포함한 가족전체를 죽이니까,0,1.0
남자인 내가 들어도 징그러운데 여자들이 들으면 소름 끼치겠네.,0,1.0
너 손가락에 낀 금반지들이 꼭 돼지 손가락에 끼워 둔거 같아서 하는말이다.,7,1.0
쟤가 해주면 더 좋아 죽을 거 같아,6,0.0
약 빤 애들은 변명이 왜 다 똑같은지 몰라.,0,1.0
나도 마른여자랑 하면 무슨 시체랑 하는 거 같더라.,6,0.0
야 요즘 저런 남자들 널리고 널렸어 기분 나쁘게 솔직히 못생기면 집 밖으로 못 나오게 해야 돼,0,1.0
아니 내가 틀린 말 했냐 노가다라도 뛰었으면 저렇게 돈이 없진 않았을 거 아니야 ㅋㅋㅋ,0,1.0
요번 영화 바닥 치고 있는거 봐라ㅋㅋ,1,0.0
넌 항상 나한테 말할 때 마다 짜증이야.,1,0.0
싸움닭마냥 이사람 저사람 너무 시비조잖아,0,1.0
쟤는 생각이란 걸 하고 살까?,0,1.0
신곡 낸다면서 살도 안 빼고 나오면 어쩌자는 거야,1,0.0
#@인간및인간집단.인물.체육인.여성# 페미년 방송 나오는 거 너무 꼴보기 싫다,3,1.0
식당을 시장판으로 만드는 그게 진짜 예술이지.,1,0.0
무기징역을 때려야될 거 아니냐고 ㅋㅋ,0,1.0
산불 원인의 대부분이 인재다,1,0.0
와 너 얼굴에 여드름 장난아니다,1,0.0
뉴스만 봐도 견적 나오잖아ㅋㅋ,0,1.0
신나게 여혐할 땐 언제고 지들 욕먹으니까 조선족이 남녀갈등 주작한다하네,0,1.0
여자는 발이 작고 이뻐야 좋지.,2,0.0
자연스럽게 중간에 가서 껴,1,0.0
여자는 무조건 날씬해야 해!,2,0.0
노란색리본 아직도 달았나?,1,0.0
결혼하지 마라 뭐든 불만인 애들은,1,0.0
응 틀딱 새퀴들 지나갈 때마다 말 걸어,3,1.0
오빠 꼬튜 빨고싶어요... 제발에 입에넣어주세요,6,0.0
#@인간및인간집단.인물.방송인.여성# 예쁘다는 줄 알고 깜놀했네.,1,0.0
너는 고작 나한테 그정도 가치였으니까,1,0.0
하고 싶음? 역겹다 만지기도 싫음; 대단하다,6,1.0
사나이가 가오가 있지 무슨 간호학과냐,2,1.0
그건 너같이 변태 같은사람 생각이고,3,1.0
그럼 너라도 말 해주지 그랬어? 굳이 지금 이렇게 얘기해야겠어?,1,0.0
확실히 연애는 못해 본 애들인 듯,0,1.0
걍 아무거나 대충 처 입어 으휴,7,1.0
그럴거면 결혼을 왜 하냐..혐오스럽다 그런 생각,0,1.0
야 너는 꼭 그렇게 대화를 못하고 시비를 걸더라,1,0.0
저런 애랑 하면 얼마나 싱싱할까,6,0.0
나는 애기가 싫어,1,0.0
너 다 큰 성인이 그렇게 혀짧은 소리내지마,0,1.0
여기 댓글 단 놈들 잡아다 족쳐라,3,1.0
의리가 없네. 숙제는 꼭 나한테 맡기면서. 신의가 없어,0,1.0
머가리에 총질해버리고 싶다니까,4,1.0
못 참겠어요 지금 박아주세요.,6,0.0
늙으면 그냥 못 나다니는 거지 뭐,2,1.0
#@인간및인간집단.조직및단체.기업#는 골목상권 다 잡아먹을 생각인가봐,0,1.0
우리 엄마가 임대 아파트 사는 애들하고는 어울리지 말랬어,2,0.0
다 한 번 해보려는 애들이지,3,0.0
역시 북한에서 나고 자란 것들도 돈이 좋은 건 아는구나,3,1.0
맞아 무슨 돌려서 말하는거 답답함 ㅠ 일본인 종특인가,3,1.0
알바와 교수를 같은 선상에 올리지 마,2,0.0
우리나라 교육 시스템 진짜 망한 티가 난다,3,1.0
그러게 뭔가 걸리는 짓을 하긴 했는갑네?,1,0.0
요즘 잼민이들 단체로 정신병 걸렸나봄; 설칠 때 마다 주먹으로 내려치고싶다,3,1.0
제 이상형은 사회주의자예요.,1,0.0
여사원도 고위직 올라가면 안 입는데 시시콜콜 따지지 좀 마.,1,0.0
#@# 사람들 불쌍하다 무섭겠네,2,0.0
그래서 난 더 강제적으로 하지 ㅎㅎ,5,0.0
그런 것 치곤 몸매가 기깔나는 것도 아닌데?,1,0.0
제가 틀린말 한건 아닌거 같은데 ㅋ,1,0.0
쟤 딱보니까 관상이 보여~,0,1.0
언제부터 책을 읽었다고 이게 약을 팔고 있네,0,1.0
이왕 잘 거라면 흑인들이랑 자.,6,0.0
요즘에 자기객관화가 안되는 애들이 많아서 큰일이다.,1,0.0
동의 구하지말고 그냥 좌삼삼 우삼삼 박아버려,6,0.0
너가 자의식과잉이니 뭐니 할 주제는 안되지 않니?,3,1.0
재미없는게 굳이 2회연장 하는 이유를 모르겠다 ㅋㅋㅋ,1,0.0
이게 지 가수 쪽파는 짓이라는걸 모르죠,0,1.0
이 놈 정도 멘탈은 돼야 #@# 하냐?,0,1.0
멍 웃기네 진짜. 근데 맞는 말이다. 개념 있는 척하려고 하는데 개념은 무슨 머리 비어 보임.,0,1.0
뭐? 도라방스 아님? 어떻게 장애인을 소개시켜주지?,2,1.0
난민을 왜 받아주는 거지? 생각이 있나?,2,1.0
니들이 제작비대냐 훈계 왜이리 많아,0,1.0
#@인간및인간집단.인물.정치인.남성#한테 그 인간 유투브 보라고 홍보했대잖아 ㅋㅋㅋ,1,0.0
진짜 정부 패버리고 싶다,4,1.0
계란 안 먹으면 죽냐?,1,0.0
그러니까. 솔직히 아닌 척 하는 애들도 다 가식일 걸? 그게 더 나쁜 거야.,0,1.0
그러니까 ; 난 이해가 안돼 어떻게 나라의 세금을 돈 개많이 버는 매춘녀들한테 주는거야?,0,1.0
원작이 훌륭한데 이렇게 못살림?,0,1.0
너 약간 양아치 같은 스타일의 남자 좋아함...? 잘생겼는데 클럽 좋아하고 여자 좋아할 거 같은 싸보이는 애들은 쎄게 생기고 성형 티 나는 예쁜 여자 만나던데,0,1.0
너는 그냥 죽어라,3,1.0
너희 엄마가 그렇게 말하라고 가르쳤니,0,1.0
정말 말도 안되는 꿈을 꾸네ㅋㅋㅋ,1,0.0
멍청한 애들만 있어서 정상적인 얘기하는게 특이한 사회.,3,1.0
넥초커에 시스루까지 하는 거 보면 빼박 패티쉬 맞지.,6,1.0
내 생각에는 얼굴에 집 한채 값은 들어간 듯,0,1.0
알콜중독자들 다 간암걸려라.,4,1.0
너라도 속썩이지 말고 잘해라,2,0.0
#@인간및인간집단.인물.방송인.남성#은 편집도 안 하고 그냥 지껄이는데 구독자 33만 명이 넘고.,0,1.0
목소리 안 나오게 성대를 끊어버리고 싶다,4,1.0
수영선수들이 수영을 왜이렇게 못해?,1,0.0
심해어 보면 외계인들이 생물체 만들고 지구 바다에 풍당 빠뜨린 느낌이잖음,1,0.0
어제 저녁을 그렇게 많이 먹었으면서 무슨....가서 런닝머신이나 뛰어,1,0.0
걔는 한녀라서 돈면 대줘,0,1.0
날조기사 가져와서 우기면 팩트가 되냐?,1,0.0
보고 있음 혀나만 온다,0,1.0
나는 서양인이 싫어.,2,0.0
헬창들 무식하기 짝이없는거 같아,0,1.0
헛소리한다ㅋㅋ여친있음 야동은 패배자들이나 보는거지,3,1.0
야동 보는게 니 일이니?,6,0.0
저 면봉을 안핥고 참아? 나였으면 살짝이라도 혀 댔다,6,0.0
저거 진짜 때려죽일 놈이네,4,1.0
니가 뭔데 우리 언니들을 평가해?,1,0.0
또 #@#이 #@#했네,3,1.0
그전에 니 월급통장이 터질라.,0,1.0
오래 살겠다ㅋㅋ,1,0.0
방 빌려서 하면 되지^^ 너랑은 할 거 아닌데 별 걸 다 걱정하네,1,0.0
적극찬성이지 판새들 판결 내리는 꼬라지 보면 속에천불난다,3,1.0
급식충들 왜케 꼴보기 싫냐,3,1.0
로또 일등짜리 운을 음료수에 다 쏟아 부었네?ㅋㅋㅋ,0,1.0
20년 동안 전기료 먹는 쓰레기 기계를 뽕을 뽑을대로 뽑고 버리는 거다.,0,1.0
오늘 니 죽탱이가 자유분방하구나?,4,1.0
이게 어른한테 말버르장머리가 없네,0,1.0
고양이 그거 유해성이 바퀴벌레 수준이야 털달린 바퀴벌레 ㅋㅋ,1,0.0
그럼 잠시나마 즐겁긴 했겠네,3,0.0
너 기침소리만 들어도 이제 짜증이 나.,1,0.0
여자라서 판사랑 몇 번 해주면 집유도 쌉가능이지 ㅋㅋㅋ,6,1.0
웹툰 작가들하고 일 해보니 예체능쪽이 괜히 천대받는 게 아니야,1,0.0
근데 미래에 내 손주는 안 저랬으면 좋겠네,1,0.0
또 대놓고 싸우자는 식이네,1,0.0
성범죄 신고한 사람이 성범죄자라는 거야.,1,0.0
너한테 똥냄새 나는데,3,1.0
자기 딸을 선거유세에 동원하다니 참 대단하다.,1,0.0
선임이 후임의 함몰 ㅇㄷ를 격하게 빨아주는...,3,1.0
맞아 꼭 여자한테만 큰 소리 뻥뻥 치더라,0,1.0
욕도 아까운 이 개미나리야,7,1.0
너 만나다 보니까 애교 떨면 혼자 이혼까지 할까봐 있던 애교도 사라지더라.,1,0.0
기생충 박사 #@인간및인간집단.인물.인물_무정보.남성#은 본인이 기생충임을 증명하고 있네.,3,1.0
연인끼리 이성 문제로 다투는 것도 어릴 때다,1,0.0
뚝배기를 깨버리고 싶어,4,1.0
호떡 몇개값?  허허  후유장애 영구손상   수억  나올듯!!   호떡 만개 값,0,1.0
"압력 넣은 국회의원들 사비로 적자 메워야해,",0,1.0
남이 밥 먹는 거에 시비걸지 말고 유기견 봉사나 해,0,1.0
그럼 이따 과자 훔쳐가야지 ㄹㅇ 개꿀이네,5,0.0
지가 선택한 직업이면서 던지고 있네;;,0,1.0
아니 하는 말이 논리도 없고 맥락도 없는게,1,0.0
돈 많고 재산 많은 정치인들은 비싼 계란 사 먹어도 상관없겠지만 국민들은 죽어난다..,1,0.0
질문 받겠다면서 눈막귀막하는 것 좀 봐라 ㅉㅉ,0,1.0
진짜 무슨 짐승 같아 ㅋㅋㅋ,0,1.0
폴더폰 너무 웃긴 게 겨우 쌔빠지게 기술 발전 시켜서 심플한 바 형태로 스마트폰 만들어놨더니 그걸 기어이 다시 접고 앉았어,1,0.0
당연하지 안아키스트야,1,0.0
ㅋㅋ 나라를 걱정해서 하는 숭고한 노력이라고 생각하시지,3,1.0
스시녀는 그저 빛이지,1,0.0
"야, 돈 없어서 한국 온 외노자가 불쌍하니까 봐줘라 ㅋㅋㅋ",2,1.0
가해자를 보호하는게 말이 됩니까? 진짜 우리나라 판사들은 각성해라,0,1.0
시1발 내가 잘못한게 있어쟈지 빌지 그 미띤련,7,0.0
아 이 새77ㅣ 오늘 생양파 쳐먹음? 진짜 aㅏ 가리 똥내 지리네,7,1.0
센 척 하려고 저러는 건가,0,1.0
니 여자친구 쌩얼은 존못일 듯 ㅋㅋㅋ,7,1.0
넌 그 30대 중후반 상폐가 아니길 바란다?,3,0.0
딱 봐도 전남친이 조개확장공사 시켜줬는데?,6,0.0
음 성형을 좀 하긴 한듯 ㅋㅋ,0,1.0
너는 나이가 몇 살인데 인터넷에서 싸우냐,1,0.0
몰골이 그게 뭐야?,1,0.0
남자한테 순종하는 노예ㅋㅋ,6,1.0
보면 몰라? 나 서울 시장이야 당장 문열어!,1,0.0
그거 #@#들이 빼먹은거 아니냐? 그거 신고해도 업소에서 보상 안해준다는데 ㅋㅋ,1,0.0
완전 쭉쭉빵빵 쌔끈하네,6,0.0
야 차라리 에코백 들어. 짝퉁은 없어보이더라,1,0.0
말라깽이들도 그렇던데,1,0.0
아들 너 공부 열심히 안하면 나중에 저런 일이나 한다,2,1.0
이렇게 라도 말해야지 속이 좀 풀리지ㅋㅋ,0,1.0
뭐 야 저게 왜 쳐다보고 질할임?,7,1.0
어제 여친이랑 처음으로 잠자리 가졌는데 진짜 1분만에..쌈..,6,0.0
딸들은 다 출가외인이니까 남자가 훨씬 낫지.,2,0.0
도대체 저런 상스러운 건 왜 하는 걸까?,1,0.0
남자친구 때문에 스트레스 받지 마라,1,0.0
난 방구석에 박혀 있는데 넌 왜 드라이브 갔어,1,0.0
아니 진짜 못먹겠어서 거절한건데 너는 뭔 말을 그따구로 하는거야,1,0.0
나대니까 좀 보기 싫어서 그래,0,1.0
말 함부로 하는 애들 입 꼬매버리고 싶음.,4,1.0
입하고 손하고 다 박살내서 담배를 못피게 해줄까?,4,1.0
피부 관리라도 하든가 운동해서 살이라도 빼든가 뭐하는 거래?,0,1.0
너 그거 해서 밥벌이나 제대로 하냐?,0,1.0
그러게 관중한테 몰매 한 번 맞아 봐야 정신을 차리려나,4,1.0
여자 맛을 모르는구나 너,6,0.0
쟤는 몸매빼고 할줄 아는게 아무것도 없네,0,1.0
저 여배우가 베드신 연기 찐하게 19금으로 한 번 해 줬으면 좋겠다.,6,0.0
"그러게, 심지어 땀을 너무 흘려서 화장이 녹아내린 거 극혐.",3,1.0
곧 길거리에 나앉아서 노숙자랑 한솥밥 쳐먹을 듯…,3,1.0
"너도 안 치우면 될 걸 왜 따라다니며 잔소리야,  듣기싫게",3,1.0
장기매매건 뭐건 우리 엄마 살릴 수 있겠네. 너무 다행이다. ㅠㅜ,5,0.0
네 팔뚝이 가늘면 그렇게 생각 안 할걸?,1,0.0
그러게 5:5 가르마 진짜 부담스럽다.,1,0.0
남자가 어떻게 주방에 들어가서 일을 하니,2,0.0
세상에 공짜는 없다 이것들아,0,1.0
"누나, 오늘 따라 신음소리가 가쁜걸 보니 만족스러웠나봐?",6,0.0
되바라져서 한마디도 안지고 세상 말세다,0,1.0
좀 얼굴 반반하다 하면 여경 클라스 하면서 침질질 흘리고 상품화하려고 뽑는거아님? ㅋㅋ,6,1.0
나 여자들이 오히려 보일듯말듯하게 입은 게 개꼴리더라.,6,0.0
애 낳으러 가냐? 낳냐가 아니라 낫냐.,1,0.0
ㅋㅋㅋ여자 못 만나본 거 셀프 인증하냐?,0,1.0
예쁘지도 않은 게 남모르는 재주가 있나봐. ㅋㅋㅋ,6,1.0
죽지 못해서 사는 거 아닐까?,1,0.0
죽고 싶지 않으면 시키는 대로 하는 게 좋을 거야.,4,1.0
정말 못생겼나보구나.,0,1.0
있으면 뭐하려고. 공부하라고 했는데 무슨 생각을 해? 정신차려,2,1.0
응원받지 못하는 대한민국 야구 대표팀ㅉㅉ,0,1.0
잃어버린 놈이 덜 떨어진거지 내알빠야,4,1.0
결국 이들의 종착지는 부동산이었구나.,1,0.0
남자는 이성이라는게 없는 짐승들인가?,3,1.0
대부분 자기 애를 제대로 안키워서...,1,0.0
재수없게 내 글에 댓글 달지말라고,3,1.0
아는구만 뭘 물어봐 그래 나 미칠년이다 개자녀야,7,1.0
또 모집할땐 국군의 아들 일생기면 뉘집 아들이냐?,1,0.0
말이야 방구야 그게.,1,0.0
쟤는 그냥 배은망덕한 거임,0,1.0
시도때도 없이 어딜 갔을까? 하도 발발거리고 다니니 종잡을 수가 있어야지.,0,1.0
국짐이 판치는 나라에서 애는 낳아 뭐하냐,3,1.0
아 진짜 꼴깝을 떠네.,0,1.0
무쌍에 눈이 위로 찢어졌고 그러면 중국인인거지,2,0.0
이미 다 실수 다 해놓고 못하겠다고 하면 어쩌라는 거지?,1,0.0
그건 너 생각이고. 너는 운동신경 최악이야.,0,1.0
쟤한테서 냄새나는 것 같아.,1,0.0
그와중에 몸은 좋네 ㅋㅋㅋㅋ,0,1.0
남자들 어디 서러워서 살겠냐?,1,0.0
야 내 동생이 너 따먹고 싶단다 빨리 옆에 앉아라,6,0.0
눈물의 사퇴 연설. 진정한 정치인의 모습이네요.,1,0.0
그게 최소한의 효도야,4,0.0
눈깔을 뽑아서 운전을 못 하게 만들어버려야지,4,1.0
그러니까 지들이 공부했으면 지금 정규직인데,0,1.0
짐승입장도 들어봐야지ㅋㅋ,0,1.0
그 짧은 거리도 못 뛰는 거 보니 다리 장애 아니냐?,4,1.0
죽이지 마라 내가 잘근잘근 천천히 고통을 주면서 죽인다.,3,1.0
그럼 앂질하는거 찍어주시는걸로 해서 150에 합시다,6,0.0
맞아 묶어 놓고 후드려 패야지,4,1.0
반박도 안 되는 애들이라 그냥 포기함,0,1.0
야 혼자 죽으라 해 제발.,0,1.0
저긴 짱궈들이 점령했던 곳인데 걔네 빠지면 당연히 망하지,3,1.0
야 그거 완전 돈낭비 쩔어 나 빡쳐서 그 회사 불지르러 갈뻔,5,1.0
ㅋㅋㅋ 어린 애들때문에 열받아서 어쩔 줄 모르고 있는 너도 참,0,1.0
운동 좀 해라,1,0.0
ㄹㅇ 알바생 와꾸도 개빻아서 가고 싶은 마음 안 생김,3,1.0
아니근데 진짜 이해 안가지 않음? 저나이에 저사고가 말이됨?,2,0.0
너만하겠냐,1,0.0
ㅇㅈ 정치 잘해서 뭐하노 국민 대통합시키는 대통령이면 충분하다,1,0.0
아 자기가 숙성된 와인이라고 하는 찐따남 만나봤는데,3,1.0
손가락 분질러버리기 전에 앉아,4,1.0
머리카락을 입에 쳐넣어버릴까보다,4,1.0
남자집에 인형이 말이 되냐?,2,0.0
고딩 무서운 맛 좀 보여줄까?,4,0.0
내가 여기 사람인 게 수치스럽다.,0,1.0
게이라니 말넘심이네 ㅋㅋ,2,0.0
주말이라 지하철에 사람 준나 많을 줄 알았는데,7,0.0
게이들은 죄다 하나같이 성욕에 미쳐버린거 아닐까,3,1.0
아까 같이 놀 때는 힘도 쎄서 파트너로 좋다고 하더니 웬 변덕이야?,1,0.0
연구하는 사람들에겐 국민들 목숨이 모기수준 되려나?,3,1.0
내집은 내가 알아서 해;,1,0.0
공주님 누런 냉이 보약 아니겠냐,6,0.0
피우던 꽁초 쓰레기통에 좀 넣으면 손가락이 부러지냐?,0,1.0
ㅇㅇ 너 바람 피는 거 알아,1,0.0
다물어 그건 너 때문이야,1,0.0
우리 학원에 똥냐 다니는 듯,3,1.0
나 요즘 외로운데 좋은 딸감 있냐?,6,0.0
헐 앂빨 자석이네 전에 나보고도 침질질흘리긴 하더라,1,0.0
어딜가 어른이 말하는데,1,0.0
저런 애들은 어릴 때부터 두들겨 패야돼,4,1.0
저사람 장례식장에 저렇게 입고 온거야?ㅡㅡ,1,0.0
너는 배 타면 그냥 장례 준비나 해라ㅋ,7,1.0
노친네들은 요양원에 가두는 게 답이야,3,1.0
주제를 모르고 맨날 잘생긴 척이나 하려고.,0,1.0
전남친이 걔 보더니 혹시..? 이러더라,3,0.0
"한쪽이 없어지면, 다른 쪽이 힘들어진까 속으로는 같이 흥하자는 멘탈리티지",0,1.0
아 나한테서도 싸이코패스의 피가 흐르나ㅋㅋ,0,1.0
매가 약이라고 그냥 개 패면 돼,4,1.0
뭔 소리임 동물이 물건이냐???,7,0.0
시부레 ㅋㅋ 밑에까지 까맣노? 하 맛이 안 난다,6,1.0
숏컷한 여자들 다 거르면 되나?,3,0.0
환장할 노릇이다,1,0.0
아놔 빨리 좀 고르고 나가 인간들아 여기서 밤 새겠다,3,0.0
윗선에서 뭉그적 거리다가 끝내라고 전화 온 거지,0,1.0
니 생긴게 진짜 문제 있다 나중에 병원 한번 가봐,0,1.0
쟤는 학점 개망하고 공부는 하기 싫으니까 저러는 거야,0,1.0
줘도 못 먹냐?,6,0.0
젊은 놈이 말하는 꼬라지가 바가지네,7,1.0
돈이 없으면 날 낳지를 말았어야지,0,1.0
한국에서나 알아줬지 저 구위에 실력으로 무슨 미국을 간다고,0,1.0
로또 사 봤지요? 5천원짜리만 몇개 됐지요?,7,0.0
너같이 공부해서 성적이 잘 나오는 게 이상한 거 아니냐?,0,1.0
기사에 “제가 대검 찾아가면 윤석열이 시켜서 온 게 되니 저는 쏙 빠져야 된다” 이 내용은 왜 뺌?? 조중동 클라쓰,0,1.0
니가 이해를 할 수 있는 머리가 없는 건 아니고?,0,1.0
ㅋㅋ없는데 담에 또 걸리면 그땐 걍 박아버릴 거임ㅅㄱ,5,0.0
길거리에서 냄새나는 것 같아.,1,0.0
요즘 뉴스 급 떨어지지 않아? 요즘 길거리 걸어다니는 애들 잡아다가 기자 시킴?,0,1.0
이게 나란가 싶다 적을 자기나라에 데려온다라 답이없네,0,1.0
"팩폭 하나 하자면, 남자들은 뚱뚱해도 여친이 있는 경우가 있는데 여자 뚱뚱하면 절대 남친 없음",0,1.0
아 갚는다고 했자나 작작좀 보채라 징징이냐,7,1.0
밖에서 놀다가 걸린 애들은 그냥 죽게 내버려 두지,4,1.0
"야, 남자는 부엌에 들어가면 안 되니까 맞는 말이지 ㅋㅋㅋ",2,0.0
아 배달 전화온 아줌마련 죨리 네가지없게 딱 끊네 주소아는데 가서 목쫄라 죽여버릴까,0,1.0
이건 뭐.... 노답인데,1,0.0
너 또 보톡스 맞았니?,1,0.0
면상을 아스팔트에 갈아버리고 싶다,4,1.0
길거리에서 길빵하는 애들 진짜 싫다,1,0.0
너 제정신이 아니구나,0,1.0
아니면 머리 벗겨진 혐저씨도 있음,3,1.0
와하하 너 머리가 굉장히 크다,1,0.0
그런데도 백신 꾸역꾸역 맞는 대중들은 개돼지가 맞다,0,1.0
30대 돼서 소개팅 많이 들어온다고 인기 많은 줄 아나?,3,0.0
딩크? 너무 이기적이지 않냐?,1,0.0
야 회사 붕괴되면 너도 죽어,0,1.0
너는 꼭 스타벅스 커피만 마시더라?,1,0.0
가서 뺨따구 갈기고 물 끼얹고 오셈,4,1.0
걔 노래 못 들어주겠어,1,0.0
쌍팔년도 노래를 아직도 듣고있네,0,1.0
그때 난 떡안치고 뭐했나 모르겠다,6,0.0
심심해 그럼 아구지 한대 맞아볼래?,4,1.0
남친 친구가 말해줬는데 남친이 나보고 가성비 여친이랬대 그래서 반 죽여놓을라고,4,1.0
공짜로 대 준다고 해도 못할 듯,6,1.0
일단 걔 이름이랑 전화번호 알려주면 신상 털어줄게.,5,0.0
남의 돈 떼먹는 게 그렇게 좋은가,0,1.0
남자가 한 요리 더러워서 먹을 수나 있겠어,2,1.0
진짜 어떻게 나라 자체가 그런 식으로 막장이지? ㅋㅋㅋ,0,1.0
"다 지들 마이웨이지, 이게 학교냐?",0,1.0
지들집에나 쳐 받으라지,3,1.0
저 채널은 뉴스에서 이제 여론 조사 결과 조작까지 하네?,1,0.0
딱 반년만 기다렸다가 죽는 걸 추천할게,4,1.0
일본 아이돌 무대 보면 수준 너무 낮아,1,0.0
"5분,10분이면 모르겠는데 2시간은 양심이 있긴 하냐?",0,1.0
야 나 진짜 오늘 잣같은 일 있었어 들어줘 ㅠㅠ 아 십알 야마리 없는 색희,0,1.0
저런 부류들은 물리적 거세가 답이다,3,1.0
남은 뇌도 빨아먹어 줘야함,4,1.0
찐따는 게임 1도 모르는 니련이고요,0,1.0
그래서 요즘 #@#사는 #@#들 때문에 #@#라 하잖음.,3,0.0
나머지 일은 못난이들한테 시켜,2,1.0
길가는 초등학생들 앉혀놓고 일 시키는 게 더 편하겠어,0,1.0
아니 그냥 눈 앞에서 사라져서 머리 박고 죽어라,4,1.0
그쪽은 일로 엮인 여자랑 호텔에서 업무를 보는가보죠?,6,0.0
이건 드라마니까 저런 전개로 가지 현실에선 절대 불가,1,0.0
유교같은거 더이상 쓸모도 없음 패악질하면 똑같이 두들겨 패고 연끊어야함.,4,1.0
도낀개낀 오십보 백보~,0,1.0
이제는 새로운 게임할 힘도 능력도 지능도 없어서 어쩔 수 없어,1,0.0
그거때문에 요새 잠 못자서 스트레스 너무 받음,1,0.0
저 년 머리끄댕이를 잡고 끌고와서 피해자들한테 한 대씩 맞았으면 좋겠음,4,1.0
흑인이랑 결혼하는 여자는 백퍼 문란한 여자야,2,1.0
쟤네 자매는 극성팬들이 욕먹이는 듯?,0,1.0
차를 선물받았다고는 못하니까 한단말이 존심 상하게 중고차를 샀대.,1,0.0
소원이니까 딱 한 번만 나랑 자줬으면 좋겠다,6,0.0
나한테 하는 말이 아니어도 기분 개 잡치지 않냐?,0,1.0
이제껏 일하고 겨우 허리 폈구만. 괜히 시비야. 너나 꾀부리비말고 일해.,2,1.0
요즘애들은 조언 좀 하면 틀니라고 뭐라그러더라,1,0.0
ㅋㅋㅋ 술을 마시지를 말던지 진짜 ㅋㅋ,1,0.0
저 여자랑 하면 떡감 장난 아니겠다,6,0.0
너잖아 너.,1,0.0
나라가 패망의 길로 접어들고 있어,0,1.0
슈밤 #@# 개인 정보 털렸네.,7,0.0
사진 보자마자 육성으로 욕 나오긴 오랜만이네,0,1.0
남친도 없는데 할일이 뭐 있겠냐?,0,1.0
ㅋㅋ쟤 알고보니 고아원 출신이었대.,2,0.0
착한 짱깨는 죽은 짱깨라고,3,0.0
나이차이가 뭐가 중요하누 얼라도 아니고,1,0.0
저 여자 성기에 손가락 겁나 쑤셔넣고 싶다,6,0.0
"그러니까 멍청한데, 거기에 어설프게 정치질도 한다는거네",0,1.0
이 응큼한 것 다 벗고 기다려,6,0.0
나같으면 할로윈 때 장식한다고 그 고생하고 욕 먹을 거면 걍 안 하고 욕 먹을래 ㅋㅋ,0,1.0
그깟 히잡 벗겨지는 게 뭐 대수라고,1,0.0
짱구가 여자들 성추행 하는거 보면 뒷목잡고 쓰러질듯,6,1.0
박아주는 남자한테 성기 사이즈 물어보면 되는 거 아님?,6,0.0
불끈불끈하더라 ㅋㅋㅋㅋ,6,0.0
생체오나홀 구함,6,0.0
역시 남잔 뭐든 게 빠르구나 도태도 빠르고 죽는 것도 빠르고,0,1.0
입대 한지 두달 이나 됐는데 아직도 다나까 못하고 요자 쓰고 있어,0,1.0
자기가 자식을 죽여놓고 그걸로 돈 구걸을 하다니.,0,1.0
말로 해서 못 알아먹는 것들은 때려 죽여야 돼,4,1.0
알지ㅋㅋ어제도 보면서 딸따리 쳤는 게 아무리 이뻐도 나한테는 딸깜 아줌마임,6,0.0
돈은 있는데 마음은 가난한 애네,0,1.0
사기꾼 범수가 재산 50% 사회기부도 서민들을 속이기 위한 계략이다 근본 사기꾼은 변하지 않는다,0,1.0
가난한 동네 애들이 문제가 많은 게 괜히 그런 건 아니지,3,1.0
배때지에 칼 쑤셔넣고 싶다,5,1.0
이쁜 팬이랑 자는 게 흔한 것 같기도 함,1,0.0
그렇게라도 인싸흉내를 한 번 내보고 싶으셨던거겠지 뭐,0,1.0
글을 보내고 자살하면 돼.,0,1.0
니가 가라면 가고 오라면 와야 되냐?,3,0.0
"너 먹다 뱉은 거 말고, 새 걸로 해 줘.",1,0.0
저는 여자 따먹는걸 잘합니다.,6,0.0
"맨날 2,000원짜리 커피집와서 수다나 떨고 ㅋㅋ",0,1.0
뺄 거면 진작 뺐겠지~,1,0.0
보는 내가 다 질려서 느끼해 ㅋㅋㅋ,0,1.0
백마 몸매 개지리네,6,0.0
여자들도 하잖아 서로 왜이래,1,0.0
우리 같은 정상인들이 장애인들을 이해해줘야지 뭐,2,0.0
와 어제 술 취해서 택시 탔는데 그지깽깽이 됐다,7,1.0
이게 나라야?,1,0.0
그렇게 해서 언제 돈 벌어서 성공해?,1,0.0
너네 할아버지 홍삼캔디 5일 압수해서 발작오게 만든다?,7,1.0
영감이 알려준 정보 덕에 최사장집 쉽게 털었어.,5,0.0
입양문화도 친자식처럼 대해주고 역시 대국이야. ㅋㅋㅋ,1,0.0
오늘 담임 쌤 뒤태 개꼴리게 생겼다,6,0.0
대학생 신분이라도 가져 보고 싶어서 다니시는 건가?,1,0.0
훌쩍거린다고 공부도 못하게 하는 너 같은 이기적인 련들 진짜 무섭다,0,1.0
말하는 꼬락서니 봐라,0,1.0
패드립 할 시간에 냉장고 청소나 해라,0,1.0
돈 가지고 싶어서 왈왈거리는 애들 직관 하고 있으면 얼마나 재미있을까,0,1.0
뭐만 하면 영상 찍어서 신고한다고 하니까 뭔 말을 못 하겠음 세상 법이 자기들 편한 대로 돌아간다,0,1.0
"빨갱이 나라니까 자아비판도 해야지, 얼마나 게으르고 무능하면 거지가 되는지...",0,1.0
여기서 바로 벗고 보여줘,6,0.0
생각해보니 저거는 그냥 과거의 허위 미투 운동 아니냐?,1,0.0
돈이 없는건지 안사줘,0,1.0
근데 내가 뭐 틀린 말 했냐? 그럼 놀지를 말든가 나와서 징징대면 뭘 어떡해야 하는데?,0,1.0
이게 소금찌개야 된장찌개야?,1,0.0
니같은 애랑 친구였다니 역겹다,0,1.0
여자들은 꼭 생리인 티를 팍팍 내잖아,1,0.0
인정 저런 영화는 뭐하런 만드냐 더럽게,0,1.0
쟤는 몸매빼고 할줄 아는게 아무것도 없네 어떻게 가수가 됏지?,0,1.0
엄마가 바람이나피고 집에 늦게들어오고 하니까 맞은거지,0,1.0
두부 사오라니까 순두부를 사오면 어떡해?,1,0.0
어 불쌍하긴 한데 좀 더럽고 그러지 않았어 넌?,2,1.0
내가 직접 물리적 거세해줄게,4,0.0
진짜 운전 개 같이 한다 너 운전 발로 배웠냐,0,1.0
그럼 그걸 참던지 나가서 운동을 해 집에서 박혀 있지만 말고,0,1.0
그럼 안 바쁘게 행사를 준비할 수 있니,1,0.0
타이어나 잘 만들지 원...,1,0.0
그래도 매일 영계먹고 몸보신해서 좋긴 하겠다~,6,0.0
더럽게 뭐라 그러네,1,0.0
#@물질적산물.상품.식품# 광고 ㄹㅇ 약빨고 만들었네,0,1.0
여자는 반대로 너무 마르고 얼굴을 크고 눈은 찢어졌고..,1,0.0
저렇게 덜 떨어진 애랑 사귄다고?,0,1.0
꾸며봤자 주름만 자글자글 한데,0,1.0
주인 바로 구속시키고 징역 살게 해야 돼.,0,1.0
나는 여자고 남자가 좋은데 남자를 엉망진창으로 따먹고 임신 시키고 싶어.,6,0.0
남자들아 나도 남잔데 키 큰 거랑 거기 큰 거랑 뭐가 나음?,6,0.0
너 그거 내일까지 안 지우면 손톱 확 다 뽑아버린다.,4,1.0
매번 뇌에서 나오는대로 싸대니까 짱나잖아.,3,1.0
왜 너도 찔리니?,1,0.0
출산률 막창나서 학생도 없을텐데 연금 없애든가 연봉 줄여라,0,1.0
국회 영상 보니까 개콘 망한 이유 알겠더라,1,0.0
그럼 나는 흑마 한번 땡겨야지,6,0.0
사장 길가다가 살인범한테 토막살인 당하면 좋겠다 뷩싄,0,1.0
이왕 이렇게 된 거 지지자들 대상으로 실험하자 어차피 실험해도 지지할 거임,0,1.0
피해의식 장난 아니네.,0,1.0
하긴 스포츠랑 키보드 마우스만 움직이는 인간들과는 다르긴 하지 ㅋㅋ,0,1.0
아 과제개 많다,7,0.0
너는 전화하면 좀 착하게 받아주면 어디 덧나냐?,0,1.0
성매매가 왜 불법인거야? 돈 필요하니까 몸 팔고 몸 필요하니까 사는건데 왜 불법이야 ?,0,1.0
이런 범죄는 죄다 전라도 출신이더라,2,0.0
난민이 범죄란 범죄는 다 일으키고 다니는 데,2,0.0
어린 여자 중에 생리할 때 하고싶다는 애들이 겁나 많은데 무슨 소리임ㅋㅋ,6,0.0
시청자들한테 받은 돈으로 걔네도 남자친구랑 공휴일에는 모텔에서 쉬어야지,6,1.0
스벌 왜반말이요 퀵이라고 하대하요,7,1.0
엥 그런 짱깨 영화가 명작이라고?,2,1.0
사기꾼들도 그런 사람들한테 털어갈 돈이 있는가 모르겠네ㅋㅋㅋ,0,1.0
"저것들 중에 뼈속까지 혐한 걸린 인간들 많을 텐데, 그냥 색출해서 일본 수출했으면 한다.",0,1.0
네가 사회생활을 안 해봐서 모르는 거야.,1,0.0
어떤 허로우자석놈이 우리 동생 팻어,7,0.0
사람들 불편하게 올려다 보게나 하고 예의가 없네.,0,1.0
오 지금 당장 사러갈게,5,0.0
너 곰돌이 푸에 감성글귀 프사지?,1,0.0
근데 굳이 연애하겠다고 어중이 떠중이 만나기 싫으니까 안 만나는 거지,0,1.0
어떤 식으로든 자기 불편한 게 직원 인권보다 더 중요하다는 깡패인거지,0,1.0
나한테 한 대 쳐맞고 싶냐?,4,1.0
코로나 때 대면예배 강행하는 교회들은 무슨 생각이냐,3,0.0
"아니, 본인이 잘못해놓고, 이 뻔뻔함은 뭐지…",1,0.0
에휴 지리 공부 안했냐?,1,0.0
아우 저런애를 데리고 뭘하라는건지,0,1.0
ㄹㅇ 친구가 말도 안 되는 논리로 사람 맥이는 성격이네,0,1.0
딱 지금 너 정도가 보기 좋은 몸이니까 다이어트 안 해도 돼,0,1.0
좋소는 연차쓰면 진짜 눈치주냐,0,1.0
그래도 한 번이라도 먹어 보고 싶다 잦본 여자들 신음 장난 아니던데,6,0.0
아 그냥 다 부셔버리고 끝내고 싶다,4,0.0
잘하면 이모양 이꼴이겠냐!,0,1.0
어제 술자리에 여자가 없어서 그런지 재미가 없더라.,2,0.0
이 개판이 났는데 아직도 감싸주고 싶냐,0,1.0
뭐가 불쌍해 다 같은편인데 놔두면 앞으로 또 불란을 일을킬거라고 한명도 남기지 말고 싸그리 죽여버려야해,5,1.0
ㅋㅋㅋㅋ 빤스색깔 지리노! 포상 달달하네 ㅋㅋ 개 탱탱하다,6,1.0
그럴 돈 있으면 나 좀 줍쇼. 치킨이나 빨고 야싸 결제나 하게~,6,0.0
혹해서 들어왔는데 또 광고판이네.,3,0.0
진작 알려주지. 똥 밟았잖아.,3,0.0
연애시장에서 이혼해서 아들있는 걸 한달 만나고 말한다는 건 악질 스캠임.,0,1.0
비계 덩어리가 걸어다니는 것 같아 한 발 딛을 때마다 출렁 출렁 거리고,3,1.0
피임약 사 갈게 오늘은 생으로 한다.,6,0.0
맨날 퍼져있지만 말고 좀 움직이고 그래,1,0.0
이런글 쓰는애들 보면 정작 본인은 발전이 없음 ㅋㅋㅋ,0,1.0
스벌 그라면 팬티내려줘라 줫나 박히고온나,6,0.0
난 왜그런지 알 거 같은데?,1,0.0
지네도 전쟁으로 사과 한 마디도 안 하면서 그냥 아주 씨를 말려버렸어야지,4,1.0
저 여자는 그냥 꽃뱀 아니야?,0,1.0
지 자식이 개에 한번 물려 봐야 정신차리지.,0,1.0
수천억대 투기판을 검찰이 덮친 결과 죄다 검사 식구들만 낚여 올라옴.,3,1.0
학교 마치고 뒤질 각오해라^^,4,1.0
그래서 그런지 약간 사파리 구경하는 기분이야 ㅋㅋ,3,1.0
군 장병들한테 노마스크 집단면역 실험을 하겠다고?,1,0.0
프랜차이즈만 돈버는 치킨집을 왜 하나 몰라,3,0.0
날씬한 사람이 좋은 건 당연하잖아,1,0.0
여바로 저놈 소원대로 머리통을 잘라 성문에 걸어두거라,4,1.0
나때는 말야. 선배가 시키기 전에 알아서 했어!,2,0.0
내 말 안들으면 칼로 찌른다.,4,1.0
이주녀도 놔두면 한녀로 진화해.,0,1.0
됐으니까 링크나 보내 지금 완전 풀발임.,6,0.0
"요즘은 두 아들 팔이 하던데, 두 아들 모두 발목 작살 나서 선수 생활 끝났으면 하는 생각도 들더라",4,1.0
#@인간및인간집단.인물.방송인.남성# 소속사가 전직 조폭 출신이라더라,1,0.0
슬슬 시비 터는게 맞을때가 됐구나?,4,1.0
아 난 저렇게 몰려다니는 고딩들만 보면 짜증나,1,0.0
짱깨녀들은 기가 드세더라,2,1.0
할카스 따먹었는데 누런 냉 장난 아님,6,0.0
어차피 넌 쓸모도 없는 소추라 상관없잖아,6,1.0
말 개더럽게하네,7,0.0
"너네 돈 벌어본 적도, 써본 적도 없지?",0,1.0
페미소굴이 없어진다니 정말 좋다.,3,1.0
#@인간및인간집단.인물.정치인.남성#아? 청약저축이 뭔지 몰라? 집이 없는 사람한테 필요한거야.,1,0.0
너 과몰입충임? 왜 발작해 ㅋㅋㅋ,0,1.0
야 옷걸이! 이 옷도 좀 걸어라,1,0.0
그래도 그 사람들이 정신이상자인 건 바뀌지 않아요.,2,1.0
야 너 어디야. 내 앞에서 해 봐. 나와,1,0.0
사정은 무슨 사정..,1,0.0
ㅇㅈ 애가 정서불안으로 클거같음; 오지랖 같아도 그런건 지가 모르면 주변에서 말해줘야지,3,1.0
머라너 ㅗ그가스나가 준거지 내가 묵었나,6,0.0
그래도 불안혀.저놈들 정신에 헝거리가 없어..,1,0.0
여자들은 왜 이렇게 명품을 밝혀?,2,0.0
너 진짜 고집불통이다.,1,0.0
임신으로 유세부리는 거 지긋지긋하다,3,1.0
또?그런 단거만 먹으니까 키가 옆으로 크지,1,0.0
그니까 젊은 여배우들 먹고다니네,6,0.0
모르지? 니가 그런거 알리가 있냐 ㅋㅋ,0,1.0
뭐? 니 뭐랫노 왜 욕지껄이고 말이면 다 같은말인줄 아나,1,0.0
그냥 군대나 두 번 가지 왜 사회로 기어 나오는 거야,0,1.0
가난했던 걸로 어필하는 #@인간및인간집단.인물.정치인.남성# 너무 싫다.,0,1.0
나 28세 #@#남이고 페미니스트야,2,0.0
그럼 저를 생각하고 딸잡은적 있으세여?,6,0.0
이번에 작가가 미쳤어 완전,0,1.0
네가 뭘 잘했다고 울어?,1,0.0
팬사인회에서 한 행동 보면 답 나오던데.,1,0.0
역시 흑인들은 폭력적인 인종이야..,2,0.0
나도 몰라 내가 어떻게 앎?,1,0.0
어린애한테 저런 마음을 왜 품어.,1,0.0
지금보다 더 미개하네.  요즘 한강대학생이라치면 실종자친구집 테러당했을듯,5,1.0
그래도 그렇지 냄새나게 이런 애들을 여기에 두면 어떡해?,3,1.0
옆집 딸은 전교 일등 하더라 넌 도대체 할 줄 아는게 뭐냐? 한심해 죽겠네,2,1.0
이건 당연히 님이 문제인건데요?,1,0.0
도대체 국민들이 살라는건지 죽으라는 건지 모르겠어,0,1.0
싹둑싹둑 썰려 나가네,4,0.0
꼭 안 팔리는 년들이 그러고 다님ㅋㅋ,7,1.0
젊은 것들 본인은 안 걸린다고 떠드는 인간들 많아,1,0.0
혀로 핥은 다음에 빨면서 먹어줘,6,0.0
나 사촌 동생이 그럴 때마다 이모 몰래 뺨 때림 ㅋㅋㅋ,4,1.0
지들도 똑같이 해놓고 ㅋㅋㅋㅋ,1,0.0
위안부 할머니들 빨리 죽었으면 좋겠어,4,1.0
너 같은 애랑 일을 도모한 내가 바보다,3,1.0
어금니 두 개는 남겨 두지,4,0.0
쉽새기 어떻게든 불러내려고 나한테 계속 연락해ㅜ,7,1.0
저거 어떻게 자빠뜨리지?,6,0.0
걱정은 못해줄망정 무슨 그런 말을 하냐. 무심한 것.,3,0.0
저러고도 교수가 되고 일류대에 간거 보면 신기하지. ㅋㅋ,0,1.0
옆에 지나갈 때 발로 차서 넘어뜨렸어야 됐는데,4,1.0
#@인간및인간집단.인물.방송인.여성# 너무 이쁘다. 약간 페미끼 있는거 빼고는 전부 매력적임,1,0.0
거기 공기는 개드럽고 하천은 다 똥물이라는데 커지면 뭐해?,2,1.0
응~ 백수 주제에 훈수ㄴ,0,1.0
예쁜이들이 있는 놈 냄새는 기막히게 잘 맡더라.,0,1.0
난 똥줄 태우면서 일해도 월세 사는데,1,0.0
그러니까 난민은 인도주의고 나발이고 안받는게 최선임.,1,0.0
싹수 보일 때 바로 걸러.,0,1.0
VIP라서 줄 안 서고 코로나 검사 받은 국회의원이 있다고해,1,0.0
감방 가더라도 내 똘똘이 만족은 시켜줘야겠어,6,0.0
거기다 여성측 잘못 언급된 거 하나도 없고 걍 맞아서 죽은 피해자인 것만 나왔는데도 여자탓 하는 인간들은 뭔 생각임?,1,0.0
"뭐면 어떠냐, 어차피 망한 나라.",1,0.0
한번 해봐봐 노띵크야,1,0.0
웬만한 씨름 선수도 이겨먹을 덩치긴 하다,1,0.0
뭐래 내일 노니까 물어본거지 진짜 사고 회로가 왜그럼?  싸패냐?,7,1.0
간호사 애들은 환자 봉사 겸 가터벨트라도 해야지,6,0.0
근데 청원 올린 이유가 결국 보상금 때문이네.,1,0.0
야 너희도 치어리더 보러가잖아,1,0.0
내 친구는 여자친구 있다고 안 간다고 했다가 왕따 당했어,6,0.0
제복이라고 벗어서 못에 지혈이라도 했다면 뇌사는 막을 수 있었을지도 모른다.,0,1.0
"그동안 많이 봐줬는데, 오늘은 네 제삿날이니까 각오해.",4,1.0
누가 봐도 거짓말인 공약을 남발하는데?,1,0.0
게이들이 너네 만나주는 것도 아닌데 왜 인권 운동을 해?,1,0.0
쟤는 누굴 닮아서 저러는지 몰라..,1,0.0
아니면 클럽 스페셜 게스트나 군부대 위문 공연만 하던가,1,0.0
"못 배운 애들, 험한 애들도 많고 근처에 가기가 무섭다.",3,1.0
내가 죽을 인간도 아닌데 불길하게 이런 소리는 도대체 왜 하는 거야?,1,0.0
그래 이 멸치 추남들아 제발 씻고 선크림이라도 발라,3,1.0
전쟁 나면 도망가는 게 답임.,1,0.0
핑크녀 사랑하지ㅋㅋ 질도 거뭇거뭇 헐렁이 말고 핑크면 나 좋아서 죽는다 죽어,6,0.0
ㅋㅋㅋ ㅇㅈ 빽가 같은 거 보는 한남이면 그 자리에서 손절해야 함,3,1.0
그래도 넌 지잡대 갈 정도는 아니잖아.,2,1.0
너는 사람이 얼마나 꼬였으면 그게 그렇게 보이냐?,0,1.0
쟤 왤케 남자처럼 생겼냐,1,0.0
헛소리고 호랭이는 느리다 으스릉거리고,0,1.0
더치페이는 죽어도 킵하면서 더치 페이스는 왤케 안 해 ㅜㅜ이 더러운 추남들아,3,1.0
그러니까 그냥 기만 빨린다니까 진짜,0,1.0
니 여친 떡에 맛들렸네ㅋㅋ,6,1.0
자기 팀에 온갖 피해는 줘 놓고 피해자인 척 하는 거 진짜 우습다,0,1.0
합리적 의심을 못하면 개돼지로 전락하는 거야.,0,1.0
여기저기 다리 잘 벌리나 보죠. 스킬도 사창가 누님들 뺨치도록 지릴수도 있고,0,1.0
넌 좀 맞아야겠다,4,0.0
내 보G에 꼬튜물 묻은 얼음좀 넣어줄래?,6,0.0
우리 학교에 장애인이 얼마나 있다고 맨날 배리어프리 얘기야,1,0.0
누가 장렬하게 수류탄 하나 던져줬으면 좋겠다,0,1.0
그래도  젊어서 혹시나 했더니 역시나 그밥에 그나물이,0,1.0
이런. 좋은 구경 놓쳤네. 아쉽다.,4,0.0
ㅋㅋ너 혹시라도 반려 파리랑 반려모기 죽이면 뒤질 줄 알아라,0,1.0
백신 밀린게 이렇게 까지 길길이 날뛰면서 화낼일인가?,0,1.0
너도 주식으로 돈 까먹으면서 거기서 거기야,0,1.0
이번에 나온 연쇄살인마 너무 내 스타일이야~,5,0.0
#@인간및인간집단.인물.방송인.여성# 아들 귀가 꼭 원숭이 귀 같더라.,0,1.0
너는 거기 냄새가 최고야 병가져와봐 내가 액 담아줄게,6,0.0
똥까시 받아보고 싶은데,6,0.0
가족 유전이란건 어쩔수없자나 ㅋㅋ,1,0.0
오빠 보니까 공부해야겠다는 마음이 절로 생겨요 ㅋㅋㅋ,1,0.0
생긴게 죄지 성격은 참하고 순한데,1,0.0
여기 음식 진짜 엄청 맛없다,1,0.0
그게 문제가 아니라 #@인간및인간집단.조직및단체.정당#이 정권을 잡으면 나라가 망하는 거지,0,1.0
으 홍어 변기통 냄새 나잖아,3,1.0
연애 대상으로 몰입이 안 되잖아,6,0.0
공산국가에서 사유재산을 불리니까 까이는 거지.,1,0.0
모든 여성이 뒤로 무슨 생각할지 모르겠고 한녀 만나는 게 무섭다 이제.,0,1.0
첨에 좀 빼다가 바로 엉덩이 당기기 시작하지,6,0.0
가랑이를 벌리고 싶네,6,0.0
니도 이렇게 살면서 고마운 거 모르잖아,1,0.0
그럼 비둘기로 태어나지 그랬니.,0,1.0
그럼 먼저 걸린 놈들부터 모가지를 쳐 내야지요.,4,1.0
같이 유사연애 비벼 먹을 파티원 구함,0,1.0
저런 애들 유명해지면 한국 아이돌 다 저렇게 생긴 줄 알 거 아냐,0,1.0
그래도 저렇게 성별 구분이 안 가서야 쓸모가 있나,2,0.0
저 여자 방송국 스튜디오에 앉아서 진행만 하면서 참 편하게 돈 버네,0,1.0
내가 만약 애자로 태어났으면 자살했을 거야,3,1.0
나 무시하던 무주택 개돼지들 평생 임대주택에서 사는 거 보고 싶어서.,3,1.0
너 진짜 사람 미치게 하는 재주가 있다?,0,1.0
정신 상태가 좀 모자른 사람을 안타깝게 마주해라,0,1.0
학창 시절을 어떻게 보냈을지가 눈에 훤하네요.,0,1.0
목을 따버리기 전에 아가리 닫아라,4,1.0
너 성격 왠지 전형적인 강약약강일 것 같아,0,1.0
뭐라고 이 뭣 같은 년이,7,1.0
개한테 대줬을 수도 있음,6,1.0
가성비 챙기면서 연애하려는 것들 정말 민폐 그 자체야.,0,1.0
주먹 한 방 꺼리밖에 안되는 게 뭐믿고 까불어?,3,1.0
상상만 해도 개꼴리네,6,0.0
저 정치인은 세금을 물쓰듯이 쓰네?,0,1.0
네가 다 큰 어른의 땡깡을 못 봐서 그래 -_-,0,1.0
파오후들 냄새나니까 제발 입열지 말아줘,4,1.0
볼 때마다 뚝배기 깨고싶은 충동이 생겨,4,1.0
대한민국이 완전히 미쳤어.,7,1.0
숏커하려고 하는데 괜히 페미소리들을까봐 겁나네.,1,0.0
여초 직종으로 바뀐다는 것은 다 패망의 길로 간다는 것을 반증하지,3,1.0
ㅋㅋㅋ 맞아. 쟤도 크긴 오지게 크겠네.,6,1.0
오늘 부담스럽게 찾아오는 사람들이 왜 이렇게 많은거야,1,0.0
마른 하늘에 날벼락이 그런거 아니냐?ㅋ,0,1.0
회피형 인간들 극혐임 ㅠㅠ,3,1.0
나이 30 넘어서 까지 모솔인거면 인생을 어떻게 살아온거야?,0,1.0
와 저 여자 가슴골에서 수영하고 싶다,6,0.0
얘는 왜 자꾸 나오지?,1,0.0
지금 남아있는 중국인은 다 가짜 중국인 아닌가?,3,0.0
니는 조선의 국물이다,0,1.0
믿을 수 없는 찌라시 안 본지 오래다.,1,0.0
애들 입 찢어버리고 싶네,4,1.0
헤어진 게 죽을죄는 아니잖아,1,0.0
넌 머리가 왜 그렇게 나쁘니. 돌 아냐?,4,1.0
자기 돈벌려고 불법 저지르면 안되지,1,0.0
ㅋㅋㅋ요새는 안 맞아서 입을 여나?,0,1.0
명품 사재기 하는 동안 일원 한푼도 기부한 적 없으면서...,0,1.0
나도 타투이스트 되어야겠다.,6,0.0
ㅋㅋㅋ지도 지 와이프 임신했을 때 안마방가서 즐길 거 다 즐겨놓고 위선떨기는,6,1.0
더 이상 말 섞이 싫어니 니 맘대로 해라!,0,1.0
너 지금 자기소개 하냐?,1,0.0
조선족들이 많아서 살인사건이 많이 일어나는 듯,2,0.0
나는 쟤가 하는 말은 모두 거짓같고 친하게 지내기도 싫어.,0,1.0
그러니까 ㅋㅋ 얘 티비에 면상만 나와도 채널 바로 돌린다,0,1.0
야 저 교수 모자란 것 같다고 말하는 사람들 진짜 많아 유명해,1,0.0
쟤가 뭐가 예쁘다는 거지?,1,0.0
틀딱 할배들 좀 치워줘 제발,3,1.0
사람들 수준이 다 자기 같은 줄 알고 그랬겠지,1,0.0
내말이; 악플 못쓰게 손가락을 작살내야되는데,4,1.0
ㅋㅋ잡아놓고 하루 성 교육해 줘.,6,0.0
없는 부모 죽이고 있네 ㄷㄷ,1,0.0
그러게 금메달 리스트들 금메달이 대순가?,3,0.0
근데 또 꼴에 전직 대통령이라고 봐주겠지,0,1.0
그렇게 먹으니까 살이 안 빠지지,1,0.0
우리나라사회는 조금만 위로올라가면 갑질하려고,0,1.0
그래서 불법 다운로드 해서 봄ㅋㅋㅋ,5,0.0
할수있는 스킬을 써서 내마누라를 흥분시키세요,6,0.0
키우다 보면 말도 안듣고 귀찮으니까 버리면 되지,5,1.0
회사 여직원 카풀해주는데 이 년은 먼저 와서 기다리는 날이 없네.,7,0.0
그나이 먹도록 결혼도 안하니?,2,1.0
시설 좋은 원룸이나 오피스텔에 살면서 공부하면 되잖아?,1,0.0
저 정도 얼굴이면 봐줘야 할 거 같은데,2,0.0
"미필, 공익은 그냥 여자 취급 해야 함",1,0.0
너 언제까지 그렇게 막 살래?,0,1.0
버스에서 꽉 끼는 옷 입은 여고딩 배꼽 보고 발기하는 바람에 네 정거장 더 가서 내렸다,6,0.0
으 페미들 웅앵웅 거리는거 듣기 싫다;,3,1.0
다 허세와 가오만 가득한 지 자랑이야,3,1.0
"맞아, 그러니까 맘충소리를 듣지",3,1.0
지하철에서 여자 안내원 지나갈 때마다 치마 벗겨버리고 싶어,5,0.0
한번 따라가서 패버려야하는데,4,1.0
"#@인간및인간집단.인물.방송인.여성#도 참 대단하다, 그럼에도 불구하고 잘~ 살고 있단다",1,0.0
게임 진짜 더럽게 플레이 하네,1,0.0
우리나라의 다른 종목은 다 수준급인데 항상 축구만 못하네.멍청한 놈들.,2,1.0
니도 자신감 하나는 대박이다.,1,0.0
그니까 당한 애들은 쟤가 티비 나올 때마다 고통스러움,1,0.0
으 극혐이네 빨리 자리 옮겨,0,1.0
필리핀까지 가서 따먹을 열정이 넘치는 아재들,3,1.0
"아니. 매번 짧은 치마입고, 사장실 들어가면 한 시간씩 나오지도 않고 이상하잖아요.",6,0.0
니네 엄마나 아빠 둘 중 하나 뒤진 것 같다는 말이야,7,1.0
#@# 니는 검사시절 정권 비리에 맞서서 청와대랑 싸워본 적 있냐?,1,0.0
운동 해봤자 몸도 안 좋으면서 왜 해?,1,0.0
야쿠자 타투 보고 지딴에는 가오 좀 부리겠다고 따라한거야,0,1.0
응 ㅋㅋ 조금만 지한테 관심보이면 끼 오지게 부린다더라,3,1.0
나는 저렇게 먹으려고 해도 못 먹겠네 진짜,1,0.0
그러니까 생일이 재삿날 안된게 아깝네,0,1.0
비뚤어진 심성으로 사회악이 되지는 말자.,0,1.0
방역당국에서 백신 접종률 때문인지 치료제 홍보에는 소극적일 수밖에 없는데 생각은 좀 하자.,0,1.0
지 할 일을 안해,0,1.0
결국 페미들 때문에 피해를 받는 건 일반 여자들이 될 거다!,2,0.0
니 달리는 지하철에 몸빵함 당해볼래?,4,1.0
온라인에서 운동화 사는 애들은 짝퉁인 거 알고 사는 거 아니었음?,1,0.0
그건 돌이라서 그래. 그러니까 꼴찌지,3,1.0
쟬 보면 눈치 없으면 정신병도 없다는 말 너무 이해가 잘 간다.,0,1.0
그래서 한남은 다 잠재적 범죄자고?,3,1.0
나 바쁘니까 꺼지라고,0,1.0
니 이름은 무슨 선비같이 해가지고,0,1.0
저 사람 고인이랑 친했던 사람 아니야? 어떻게 저렇게 매정하게 추모를 안 할 수 있지,1,0.0
부모 관 들어줄 사람도 없을때 뒤돌아보면 후회스러울걸,1,0.0
무슨 거울을 가방 만한 사이즈를 넣어다니냐?,0,1.0
뭔가 하자가 없지 않고서야 그렇게 되겠냐,0,1.0
내가 왜? 네 숙제 나더러 도와달라고 말하면 나쁜 놈이야. 난 이틀밤샜다,3,1.0
애ㅅㄲ도 아니고 참을 줄도 알아야지 ㅋㅋ,7,1.0
와 당연하지 존맛탱 조합,7,0.0
남들도 다 못생긴 얼굴로 시각적 피해를 주고 있는데 한 대 정도는 길에서 피워도 괜찮아.,3,1.0
무통인 건 너도 마찬가진데...,0,1.0
로리보고 서는 건 취향이 아니라 정신병이야,0,1.0
대통령 안될 줄 미리 알고 대선출마로 인기 올려 다음 총선에 재당선되려는 꼼수 아닌가.,0,1.0
상남자는 그런 거 필요없다,2,0.0
하여튼 공산당 놈들이랑은 엮이면 안돼.,1,0.0
그럼 C팝인가? 역시 더러운 중국놈들이 뭘 ㅋㅋㅋ,3,1.0
와 난 #@#면 암만 예쁘고 쭉쭉빵빵해도 #@인간및인간집단.인물.종교인.남성# 생각나서 못할 듯,7,0.0
청와대가 원하는 한반도 평화는 공산화인 거지?,0,1.0
너 지금 나 바보라고 놀리는거지?,1,0.0
그래그래 타투하고 딸배 에이스나 되라 ㅂ신ㅅㄲ야 ㅋㅋ,7,0.0
내돈으로 사왔는데 네가 왜 이래라저래라 해? 사오기나 하면서 말해.,2,1.0
예전에 네가 나한테 이렇게 놀렸던 거 복수하는 중이다.,1,0.0
머리에 똥만찬애들이 잘 주긴하는데 ㅋㅋ,6,1.0
쟤는 방송에 안 나왔으면 좋겠음,1,0.0
참으로 한심하고 부질없구나,0,1.0
뻔한 결과인데 굳이 확인해야겠냐?,1,0.0
오늘 마음도 적적한데 시원하게 물뺄 곳 없나.,6,0.0
그래도 덕분에 여자들 헐 벗고 다니는 거 보는 재미는 있잖아,6,0.0
안걸려야 짜릿하지 오늘 한번 타러 가자,5,0.0
그러니까 여자친구가 없지,2,1.0
ㅉㅉ 다같이 죽자는거네,0,1.0
군대 상관이 시켰으니까 그냥 죽인 건데요.,4,0.0
하다하다 나한테까지 못 이겨서 안달났어,0,1.0
다른 사람꺼 컨닝했네,1,0.0
우리 며느리는 낳으라는 아들은 안 낳고 계집애만 낳아,2,1.0
내 말에 왜 대답안해? 기분나쁘네 나 무시하냐?,3,1.0
"니가 살림을 차렸냐, 돈을 해다 바쳤냐?",0,1.0
그래도 니가 버려 너도 같이 들어가고,0,1.0
능력도 없으면서 센 척 하는 게 꼴 보기 싫거든,0,1.0
반려동물도 저것보단 낫지 어떻게 아이를 저렇게 방치할 수가 있냐?,0,1.0
돈으로 유사연애 즐기는구나ㅋㅋ,0,1.0
치어리더의 숏컷.. 아 그녀도 졸폐미에 한 끝이었나… 여윽시 폐미국,6,1.0
저런 범죄자들은 칼로라도 찔러 죽여버려야하는데,4,1.0
어제 영화 봤는데 돈아까워 죽는줄 알았어,1,0.0
야 걔 허벌이라서 헤어졌잖아.,6,0.0
대충 아무거나 갖다붙이면 그게 기사냐?,0,1.0
신경끄고 니인생이나 살아,0,1.0
넌 진짜 역겹다 앞으로 연락하지마 으,0,1.0
지들 맘대로.,0,1.0
어차피 욕 먹을 거면 철판 깔고 활동하는 것도 나쁘지 않아 보임 ㅋㅋㅋㅋ,0,1.0
너 그거 범죄야 그래서 다음은 어떻게 되었다고?,1,0.0
"오피는 생체 오나홀인데, 나라면 쪽팔려서 입 다문다.",6,1.0
더러운 레즈 자식들 다 뒈졌으면 좋겠네,3,1.0
멋있어 봤자 전부 짱깨 자식이지,2,1.0
쿵쾅이들이 손가락에 살 쪄서 오타 내는것만 봐도 토악질남.,3,1.0
노인네가 노망이 들었는지 몇번을 말해도 그대로네,5,1.0
또 지 뇌피셜로 저러네,0,1.0
전기 이륜차라 쓰고 짱깨 제품이라 읽는다,3,1.0
인간적인 모멸감을 당할 만한 사람이었구나,1,0.0
니가 정신 나간 년인 거 이제야 알았구나.,7,1.0
지가 노력 안 해서 인생 개박살난 거 사회탓만 하면 평생 그렇게 사는 거임,0,1.0
ㅋㅋㅋ 소추한테 왜 그래 ㅠ 그래도 자기는 큰 줄 안다고 ㅠㅠ,6,0.0
틀딱들은 진짜 되도록 빨리 자살하는 게 답이라니까,0,1.0
너 어차피 쓸데도 없는데 밑에 거 떼버리지 그러냐,6,1.0
그니까 소속사 잘못이지 ㅉㅉ 그리고 자기 욕만 올라오면 누가 보고 싶어해,0,1.0
니가 날 외롭게 했잖아,1,0.0
드디어 벌레 청소 시작인가.,3,0.0
어째서 1세대 남돌 아재가 요즘 나오는 것들보다 잘생겼는지…쯧쯧.,0,1.0
아니 잘못한 건 그 샛기들인데 내가 왜 힘 들여서 신고를 해야 해?,7,1.0
차라리 백신 안맞고 대형감염 일으키면서 길동무 여럿 만들면 그래도 가는 길에 얼마나 뿌듯하고 보람차겠냐,5,1.0
헛소리하지마라 다 너같은 줄 아냐,7,1.0
한국 들어올 때 걸어오든가 헤엄쳐오게해야돼,0,1.0
우리집 병아리 믹서기에 갈면 홈 콜팝 쌉가능 아니냐?,5,0.0
우리 대통령님은 몇백 명쯤 죽어야 미안하고 고마워서 나서는 거구나.,0,1.0
네 얘길 왜 해. 네 속을 알 수가 없어. 남 욕하는 게 그렇게 쉽니?,2,1.0
그런 마인드를 갖고 있으니 네 인생이 그 모양이다.,0,1.0
그러고 보니 게이는 군대 못 오는 거 아니에요?,2,0.0
요소 하나 안 팔아도 난리나는데 입국금지 시키고 죄다 추방하면 그건 걍 전쟁하자는거지,0,1.0
너가 사이즈를 잘못사놓고 누구한테 불만을 털어놓는거니,1,0.0
10대인데 벌써 눈이 퀭 주름이 자글자글 징그러워,3,1.0
쟤는 왜 앞에 나와서 알짱거리는 거야?,0,1.0
정신 못차리고 그런 억지 부리다가 저승길도 혼자 기어가는 거야,0,1.0
물 좋은 유흥업소 소개 좀 부탁합니다,6,0.0
저러면 하체에 혈액순환 돼서 오히려 좋음,6,0.0
성공한 사람들은 말이 쉽지,1,0.0
저 유튜버는 업체에서 돈이라도 받은 거야?,0,1.0
고래고래 고함지르면서 옆테이블 시끄럽게하노,1,0.0
내가 불편한 게 없어서 살 안 빼는 건데 니가 뭔 자격으로 살 빼니 마니 거리는거임?,7,1.0
망하기 직전이니 얼른 정권 바뀌어야지,1,0.0
믿음직은 무슨 말 같지도 않은 소리 하네,0,1.0
욕 감사하네~,1,0.0
학폭 주동자들은 다시는 못 나오게 얼굴을 짓뭉개 버려야하는데,0,1.0
그냥 10대 때 일진이었던 애들이 간호사하는 거임 ㅋㅋㅋ,0,1.0
그래서인가 난 지금도 #@# 애들이라면 상대 안하잖아,3,0.0
아이돌이 담배 피는 건 진짜 프로 정신 없는 거 아냐?,0,1.0
자격지심 아니야? 아무도 널 안 볼걸. 못생겼잖아.,2,1.0
같이 자면 신음 소리는 어떨까,6,0.0
드라마가 점점 막장이네,1,0.0
너 화장 너무 진한거 아니냐?,1,0.0
"야, 쟤는 원래 관종이잖아 ㅋㅋㅋ",0,1.0
코 찔찔이 애기를 직장도 없으면서 하루종일 남한테 맡기는 건 너무하잖아,0,1.0
턱스크 제 정신임?,0,1.0
맞아 왜 저렇게 하는지 모르겠어 그냥 한심하다,0,1.0
만나는 사람마다 고향 물어보면 전라도는 없던데 도대체 전라도사람들은 존재하는 건가?,1,0.0
살인자다,1,0.0
내일 에이스 둘만 데려다 쓰리썸 해야지,6,0.0
정말 유전무죄무전유죄 곧 나라가 망할징조다,3,1.0
"맞아, 아마 밤에 남자들이 줄 서 있을걸?",6,0.0
맞지 흙수저들은 그렇게 살아왔잖아,3,1.0
어퍼컷 날리고 싶은 거 참은 적이 한두 번이 아님 그냥 길에서 만나면 찍소리도 못할 샠히들이,0,1.0
나 정신 나갔구나.,1,0.0
저것들이 서민들의 아픔을 티끌만큼이라도 알까?,0,1.0
어디 여자가 차를 끌고 기어나와.,2,1.0
그냥 종합비타민 비싼 걸 먹는 게 홍삼보단 쌀텐데 무슨 홍삼이야,1,0.0
8.15 지나면 k방역 성공했다고 주작질하겠지.,0,1.0
야 그니까 초장에 좀 패서 기를 죽였어야지,4,1.0
응 그러면 너 감방행이고. 한번 해 보든가.,5,0.0
저 남자는 저 옷이 어울린다고 생각하고 입은 건가.,1,0.0
점박이에 뻐드렁니 난 사람들이 많던데?,1,0.0
가르쳐도 안 배우는 게 문제인 거임 ㅋㅋㅋ,0,1.0
중국제 태양광 패널 수명도 짧은데 교체하는 폐기물도 친환경적일까?,1,0.0
일본놈들이 한국인을 어떤 형태로 고용했었겠어.,1,0.0
이게. 입달렸다고 말대꾸네. 정리정돈도 못하는게.,3,1.0
애랑 고양이랑 같냐 수준 뻔히 보이네 ㅋㅋㅋ,0,1.0
금수저로 태어나서 왜 저렇게 모자란 짓을 한대?,0,1.0
잘난 부모 덕에 못난 자식이 호사를 누리는구만.,0,1.0
머리에 똥도 없는 놈들이랑 말을 섞고 있으니 너무 힘드네,7,1.0
인터넷 댓글 수준 참 낮다,1,0.0
쟤는 왜 사람 말을 안듣냐 진짜 답답하네 매번 일일히 다 말해줘야 되나?,0,1.0
#@# 애들이 너희처럼 외적인 부분만 보는 줄 아냐? 하여간 속물 티는 못 벗어요.,3,1.0
이제는 너같은 인간 때문에 극단적인 여자애들이 생기는 거란다,0,1.0
돈 벌기 싫은가봐 ㅋㅋㅋ,0,1.0
지금 취준하는 세대였으면 절대 취업 못 했어,1,0.0
쟤는 왜 여자애들이랑만 놀아? 게이인가;,2,1.0
아 윗집 애완동물 하루죙일 짖어댄다,3,0.0
나도 호박에 줄긋고 수박이라고 해서 팔아볼까 ㅋㅋ,1,0.0
얘가 지금까지 벌 만큼 벌었다는 애들은 뭔 생각이냐?,1,0.0
그러면 집에 처 가든가 확 패버리고 싶네,4,1.0
말이 왜 그따구야? 진짜 인성 터졌나 친구가 걱정하는데 위로는 안해주고,7,1.0
제정신 박힌 인간인가? 속일걸 속여야지,3,1.0
인정 ㅋㅋㅋ 가슴 드러내고 웅앵웅 거리면 돈 버는것도 웃기다,6,1.0
우리나라 사람들은 다른 사람 일에 관심이 너무 많음,1,0.0
내가 매미야? 그럼 넌 풍뎅이겠네,3,1.0
우엑 토나옴 ㅜㅜ,3,1.0
니 기다리다 예쁜 여자 봤는데 몸매 쥑이더라 쭉쭉빵빵해서 찐하게 포옹 갈기고 싶었음ㅋ,6,0.0
넌 항상 나 왕따시키던 주동자잖아,0,1.0
하여튼 짱깨들 국제 민폐 덩어리다 멸종해야 됨,0,1.0
ㅋㅋㅋ 진짜 저런 범죄자도 갱생 가능하네. 국민 수준 진짜 처참하다.,0,1.0
어 돼지지,0,1.0
"중증장애도 1만 명이라는데, 대통령이란 사람이 대책도 없고,",0,1.0
이런게 친구 라고.어구.,0,1.0
보기 싫은 낯짝 치워라,3,1.0
반성이라고는 모르는 인간들,0,1.0
아 진짜 ^^ㅣ발련아 내가 만만하냐? 그지같은 게 1000원 가지고 별 유난을 ㅋㅋ 빨리 쳐 내놔,7,0.0
흡연충들 잡아다가 지가 버린 담배 그대로 주워서 빨게 해야 함,4,1.0
여자애들 교회가서 목사한테 대주냐?,6,1.0
가슴이 저러면… 애기 만들 기회도 안 생길 듯,6,0.0
너 술처먹고 취할 때마다 예외없이 친구랑 싸우잖아,7,0.0
오늘도 버스에서 호갱 3명한테 시계 팔았다ㅋㅋ,0,1.0
무슨 도둑질을 그렇게 대놓고 해. 어이없게.,5,0.0
가슴 수술한 애들은 만지면 딱 티가 나더라,6,0.0
그러면 좀 니가 갑자기 무서워지는데... 정신병이라니...,1,0.0
죽는다고 협박 좀 하지마. 이젠 짜증나서 못 들어주겠어,3,1.0
설마 간첩이 usb흘리고 다니겠냐?,1,0.0
응 진짜 부담스러워서 안그랬으면 좋겠어,1,0.0
남자들도 잘생긴 남자한테는 관대함.,1,0.0
이번에 만난 오피녀는 뷰지 성형했더라.,6,0.0
금메달 따놓고 돈까지 받고 배아프다,1,0.0
너무 심한가? 그럼 적어도 가축이랑 동급될 수 있는 팁 좀 줄까?,0,1.0
대한민국은 부동산 폭등으로 벼락부자 벼락거지 두 계층이 있다.,0,1.0
대접받고 싶어서 그렇지 이유가 어딨어.,1,0.0
나이를 많이 먹어서 참 좋겠네요.어르신,0,1.0
쓸데 없는 말은 뭐하려 했냐?,1,0.0
그러니까 명문 학교를 찾는거고,2,0.0
약간 일반인이 잘 모르는 책 읽으면 우월감 느껴지고 그러니?,1,0.0
한번만 더 웃으면 강냉이 털어버린다.,7,1.0
ㅈ밥이 내가 니 조동이를 찢어줄게,4,1.0
뭐만 하면 보적보 이러는데 사실 아니잖아,6,0.0
넌 살인을 한 번 쯤 실수로 하는구나.,1,0.0
순위 곧 바껴 #@인간및인간집단.인물.정치인.남성# 형님 출마 선언했어 ㅋ,1,0.0
심한 장애면 면제지 공익들 일 시켜도 충분하다,1,0.0
하긴 앞에선 못하니 가사에 적겠지 ㅋㅋ,0,1.0
내말이 진짜 짜증나 기껏 기다려서 본 음식인데 저렇게 돼 있으면 짜증나,0,1.0
우유 만들러 목장 간 것도 아닐텐데 왜 이렇게 꾸물거리는지 모르겠다…,0,1.0
보육교사들 맨날 애들 패서 뉴스 나오잖아,3,0.0
말 참 뭐같이 하시네요,1,0.0
깨끗한 척은 세상 다하면서 집 꼴이 이게 뭐냐,0,1.0
가정교육을 제대로 못 받았니?,0,1.0
엄마가 아니라 최악의 인간이겠지,3,1.0
콩가루 집안 보니까 진짜 꼴 좋더라 ㅋㅋㅋ 공유해서 다같이 웃어야지 오랜만에 배꼽 잡아야겠다 ㅎㅎ,0,1.0
어머니 성생활 즐기시는데 방해말고 효도나해라,0,1.0
걔 조개가 진짜 쫄깃했거든,6,0.0
ㅋㅋㅋ원래 ㅈ목질의 끝은 탈퇴지,7,1.0
이대남들은 기껏 찾아낸 대안이 #@인간및인간집단.인물.정치인.남성#냐,0,1.0
저런 놈들은 토막내서 지가 버린 쓰레기 봉투에 담아야 돼,4,1.0
아무도 안 주워 가면 미화원 아주머니가 주울 거야,1,0.0
나도 쟤네 집에 남자 여럿이 드나든다고 들었음,1,0.0
아 그럼 인정이지ㅋㅋㅋ,1,0.0
재앙카 안사요,3,1.0
옷 입은거 보면 연예인이 아니라 포르노 배우같다.,6,1.0
이런 거 보여 주지 마,1,0.0
잡을 것도 아니면서 말도 많네.,7,0.0
저런것들 말고 나처럼 자연미녀들이 연예인을 해야 하는데,1,0.0
#@인간및인간집단.인물.정치인.남성#은 분노조절장애가 있는듯,0,1.0
여기까지 와서 악플 다는 너보단 나음.,1,0.0
얼마나 주정하려고.,1,0.0
살인미수는 살인한거 아닌데 왜 처벌 하냐고 할사람이네,1,0.0
너도 백화점에서 옷 사는 거구나,1,0.0
야 너는 밥 먹을 때 앞에 거울을 좀 두고 먹어,0,1.0
꼬치꼬치 캐묻기는. 내가 그렇게 못미덥단 거야 지금?,3,1.0
진짜 머리 채를 잡아서 쳐 넣어 줘도 나갈려고 함 진짜 장애들임,7,1.0
그냥 어떻게든 손님 등쳐먹을 궁리만 하는 거지.,0,1.0
너 혼자 가라 미꾸라지야,7,1.0
으 길빵하는 사람들  너무 싫어!,1,0.0
형평성이라곤 하나도 없는 정부 같으니라고,0,1.0
"그러니까 나라도 거지꼴,너도 거지꼴이지",0,1.0
저 놈이나 지지자들이나 다 할 말이 없게 만든다,0,1.0
우리 반 담임 애들 얼굴 때렸다가 신고 당함 ㅋㅋ,1,0.0
말하는거 진짜 극혐이네 왜 그렇게 살아 ?,0,1.0
진심 지하철 탈걸 겁나 후회했다... 걔네들 걍 뒷문 열렸을 때 발로 차서 떨어트리고 싶었음,4,1.0
ㄹㅇ 누가 보면 버튼 안 누르면 문 안 닫히는 줄? 그거 몇 초를 못 참아서 비매너충이라고 하고 다니냐 ㅋㅋ,0,1.0
밤일을 끝내주게 하는가보다 ㅋㅋㅋ,6,1.0
인구감소를 왜 2030이 책임져야하는건지 모르겠다 지들때부터 줄어들었는데 뭔,1,0.0
이런 씁을 이 개 돼지 시베리아들아. 당장 안찾으면 끝장이다.,3,1.0
방구석에서 이딴 악플이나 쓰는 애 상대할 시간이 아깝다 남의 인생 욕하기 전에 니 인생이나 돌아보렴,0,1.0
일본애들이 마기꾼 끝판왕인듯,0,1.0
설마 불륜은 맞지만 거절햇기때문에 폭행 처벌받는건 아니겟지?,6,0.0
어디서 오징어 썩은 냄새 나는거 같은데,3,0.0
성매매 관광 간 거 맞지?,1,0.0
저 프로그램 캐릭터 설정 완전 구리다,0,1.0
말하기 전에 생각이란 걸 했나요?,1,0.0
내 눈이 불쌍해,1,0.0
"""봉지에 잡지를 넣어"" 어때?",6,0.0
작가 작붕 실화야?,0,1.0
쟤도 찍으면서 부끄러웠나봐ㅋㅋ,0,1.0
성실성에서 0점이야;;,0,1.0
연세가 90되셨습니까? 너라니요?  예쁜말좀 구사합시다.,1,0.0
#@인간및인간집단.인물.방송인.남성#옹도 선행하면 꼭 기사 내잖아 ㅋㅋ,1,0.0
이 만화에는 페미들이 너무 설쳐,3,0.0
진짜 재수없다,0,1.0
진짜 연예인들 뭐만 하면 고소한다는거 이해가 안가더라,1,0.0
어차피 그짓 할 땐 다 벗고 할텐데 젊고 몸매 좋으면 그냥 닥승이야,6,0.0
탱크로 다져서 개사료를 만들어야지,4,1.0
사도 까고 안사도 까고 그냥 이번정부는 까야됨,0,1.0
으휴 거지들 저런식으로 남의 돈 등쳐먹으면 좋나?,0,1.0
군소리 하지말고 그냥혀 그리 태어난것을 우쨰,0,1.0
지나가는데 빤히 쳐다보잖아 재수없게.,4,1.0
나한테도 한 번만 대줬으면 좋겠다.,6,0.0
영부인 수준은 아니지.,1,0.0
힘들어서 자살자들 더 많아지겠어.,1,0.0
아이고….왜 그 많은 남자 중에서 딴따라놈을 만나서….안 된다,3,1.0
안 베꼈으면 그거보다 더 낮겠지 ㅋㅋㅋ,0,1.0
문신충 너무 싫어.,0,1.0
대한민국 체육계 끝내준다.,1,0.0
이럴 거면 게임을 왜 하세요? 걍 전 던집니다 ㅂㅂ,0,1.0
솔직히 얘가 학폭을 했어 범죄를 저질렀어 이렇게 기사까지 뜰 정도면 팬덤이 오바 아냐?,1,0.0
가난한 애한테 애인 뺏겼냐 열폭하네 ㅋㅋㅋㅋㅋㅋㅋ,0,1.0
그니까 자기 불리하면 빼액거리고 부모님 부르고 그 놈들이 사람이냐 동물이냐?,0,1.0
학교폭력 가해자들도 어린마음에 실수한 걸 수도 있잖아.,5,0.0
뚱뚱한 사람이 명품 입는 거 꼴 보기 싫어,0,1.0
#@인간및인간집단.인물.체육인.남성#은 영어 개못하는데 영어학원 광고에 나왔더라 ㅋㅋㅋ.,0,1.0
뭔 탄핵이냐 암살각이지.,5,1.0
그게 뭐가 천한데? 니 생각하는 꼴이 더 천하다,0,1.0
저 손님 저번에도 왔던 진상이지?,1,0.0
안 봐도 김여사네,0,1.0
왜 시비 걸어 디룩디룩 돼지새야,0,1.0
이 영화 스토리 진짜 별로인 망작 아님?,0,1.0
탈북자들 다 #@# 찬양해서 거기서 사는 거 아니었어?,3,0.0
#@인간및인간집단.인물.범죄자.남성# 가지가지 하네,0,1.0
나도 쏜다 바로 고?,5,0.0
야 라면 좀 끓여 온나 좋은 말 할 때 시1발롬아,7,0.0
입을 찢어버리고 싶네.,4,1.0
야 넌 얼마짜리냐?,1,0.0
누가 여성 인권 보호하랬지 남자 혐오하랬냐,1,0.0
빵뎅이 한번 만져보고 싶네,6,0.0
니는 먹을 자격은 있고?,0,1.0
아니 집적 간걸 줘야지 틀딱아,3,1.0
저건 사람이 아니지,0,1.0
#@# 계란은 맛은 없는데 가격만 유별나게 창렬임.,0,1.0
몰라요 여기선 대하는 얼굴마다 날 잡아먹을 것 같아요,0,1.0
그만 올려 지겨우니까,0,1.0
저 정도면 그냥 휴가 갔다온 거 아님?,1,0.0
넌 하루 종일 공부만 할 거냐?,1,0.0
얼굴 몸매는 상타치인데 실력 안되면 화류계가 답인데,6,1.0
"저런 것들이 커서 한국인인 척 거리에 할보할 텐데, 걱정이다.",0,1.0
근데 전직 대한민국 짭새였대,1,0.0
쟤 밑에 빨아보고 싶어,6,0.0
엄만 죽어도 니 오래비야.,0,1.0
아 나도 안에 가득 채워졋어 너무 커,6,0.0
비행기 회항시킨 진상녀 알고보니 중대결함 있었다는 전설 실화네,1,0.0
돌머가리 ㅅㄲ들 무단횡단 하면서 왜 차 오는 곳을 안 봄?,7,0.0
그런건 아닌데 하는짓 보면 집착할만 함,0,1.0
피자를 맛없게 하기도힘들겠다 ㅋㅋ,0,1.0
세상이 나를 왕따 시키는게 아니라 내가 세상을 왕따 시키는 거야,0,1.0
김여사 꿈나무들 완전 도로 위 무법자라니까,2,1.0
인건비 허위기재는 했지만 연구했다고 말야,1,0.0
마음대로 만질 기회가 없으니까.,6,0.0
그러게 그러다 음주운전 하는 차에 치여봐야지 정신 차릴 듯,4,1.0
ㅋㅋ먹는거라면 사족을 못쓰더니 이젠 한약까지 ..돼지는 영원히 돼지네 너 살 안빠진다에 내 왼쪽 불랄을 건다 십알 ㅋ,0,1.0
너 이런 거 한 번도 당첨된 적 없지?,1,0.0
말을 너무 정신이상자처럼 막하시네요,2,1.0
아저씨 문닫고 공사해주세요 잠좀자게요,3,0.0
나 이번 성적 완전 개판이야 ㅜㅜ,7,0.0
으 넌 진짜 극혐이다,0,1.0
야 생리할떄 원래 임신가능성 큰거아님? 가서 나랑 야스한번 하자고 할까 내 씨를 물려받으면 좋은거아님 나같은 존잘남,6,0.0
빚잔치 만들어놓고 나몰라라 할거면서,0,1.0
그러니 무슨 교사로서의 존경심을 기대할 수 있겠나.,1,0.0
한국에 폭우 쏟아졌으니 어쩔래,1,0.0
여자가 돈 보고 아주 놀아났네,0,1.0
"왜, 엄마랑 꼭 닮아서 기분이 나빠?",2,0.0
그거 제작사 측에서 돈 뿌려서 바이럴 하고 있음.,0,1.0
제대로 하는게 없네. 머리에 돌든 놈들,7,1.0
너가 괜찮으면 뭐 어쩔래 니 입에서 글레 빤 하수구 냄새 나는데 개 독함 개그튼 련아,7,1.0
솔직히 돈 주고 살 물건은 아닌 것 같아.,1,0.0
아…그렇구나..아버지 직업은 그래도 자기는 이렇게 성공하고 대단하네,3,0.0
오 그러면 야짤 막 제조해도 되겠네 ㅎㅎㅎ,6,0.0
야 그렇게 말하는 여자치고 안하는 여자 없더라 남자 아니면 뭐해먹고 살어,2,1.0
찢으러 가는건가?,0,1.0
아 길 돌아가는 택시기사들 진짜 개킹받네,1,0.0
여자애도 알까? 자기가 돈주고 남자애 사서 결혼하는거,0,1.0
그러게 알아서들 능력 좀 키웠어야지,0,1.0
그럼 끝까지 버터야겠군. 정년 퇴직때까지,7,0.0
저런 것들은 그냥 물리적으로 다 잘라 버려야 쓸데없는 짓을 못하지,4,1.0
공부도 못하던 애가 어떻게 의사랑 결혼했을까,0,1.0
고통을 죽을 때까지 맛 볼 수 있게 해줘야 한다고 생각해,3,1.0
일베세대라는 단어를 쓰는거부터 ㄷㄷ,1,0.0
#@인간및인간집단.인물.인물_무정보.남성# 보고 있냐?,1,0.0
선생인 주제에 한심하게 질질 짜고 그러냐,3,1.0
취업 진짜 어렵네 ... 걍 한강물에 내 몸 훠궈질하고프네 ㅋ,4,1.0
ㅋㅋ내 사촌동생은 6개월 배웠다는데 걔가 너보다 훨 나은 듯.,1,0.0
휴...다 부모 잘못 만난 내 탓이지 뭐,1,0.0
붕신들아 서로 뺨때리기 해서 골로가는게 지는거야.,3,1.0
ㅎㅎㅎ 무슨 자격지심 있니?,0,1.0
저런 개들은 몽둥이질 한 다음에 보신탕집에 끌고가야해,4,1.0
저 여자는 눈빛이 항상 이상해,1,0.0
어느 나라 어린이들이 저런 복장으로 초콜릿 달라고 하냐?,1,0.0
왜 인스타에는 예쁜 사람들이 많은데 현실에는 없지?,1,0.0
얼마나 가르쳤으면 그럴까.,1,0.0
니 다리에 왜이렇게 털 많냐,1,0.0
형씨 나 아쇼?,1,0.0
아줌마들은 왜 목소리만 크면 이기는 줄 알아 입천장에 호치키스 박아줄까?,4,1.0
아니 왜 고백을 안해? 참나 자존심 부리는 거야 뭐야ㅡㅡ,0,1.0
확실히 배운게 없어서 그렇긴 하겠다,0,1.0
#@# 한 번 다 잘라버려야돼,0,1.0
따먹어 달라는거지 뭐겠어,6,0.0
내 안에 악마 드립은 극도로 추하다,0,1.0
먹지마 그냥 맛 없는데 왜 계속 먹어?,0,1.0
너 이래서 사회생활은 하겠냐?,1,0.0
와 가사로 이미지 세탁 쩐다,0,1.0
그러니까 남자들이 뇌가 섹에 절여져있다는 소리 듣는 거짘ㅋㅋ,6,1.0
니 머리에서 나온 말은 아닐 테고 누가 또 선동질 하는 거냐?,0,1.0
미래에 의학 발전으로 다시 살아나도 주변에 아는 사람 하나 없는데 그게 부럽냐?,1,0.0
당신같은 인간말종은 분리수거도 안돼!!,3,1.0
남는 돈 기부하게 하면 비리 저질러서 결국 곳간은 더 바닥날 걸,0,1.0
와 진짜 나라 수준이 보인다.,2,1.0
바이럴 레전드지 ㅋㅋ,0,1.0
학폭 가해자한테 사랑했어 이러는 애들하고 한 세상에서 산다는게 서글프다,0,1.0
친구들 사이에서는 셀카봉으로 쓰이겠네?,1,0.0
그러니까 ;; 여자들은 맨날 예뻐보이려고 자기관리 엄청 열심히 하는데 남자들은 그러질 않음 ㅋ,1,0.0
니네 엄마보단 낫잖아,3,1.0
나 같으면 성형외과랑 소송한다.,1,0.0
진짜 쓰레기가 너무 많더라 사람들한테 악취도 나고 미개했어,3,1.0
그래서 어쩌라고 그깟 게임으로 돈 버는게 말이냐?,0,1.0
#@# 이적하고 좋나게못하더라,7,1.0
서양인들은 얼굴이 다 다르지만 동양인들은 아니지.,2,0.0
그래도 유학다녀왔다고 개념은 좀 있네,0,1.0
나라고 뭐 쟤 여기 오는게 좋겠냐 나도 싫어 쟤,1,0.0
자기 남편 아직도 밝히나봐? ㅋㅋ,6,1.0
그럴꺼면 가슴도 보이락 말락하게 입어줘야 공평하지,6,0.0
아까부터 보고 있었음.. 일부러 더 덜렁덜렁하는 것 같은데 레알 꼴리네,6,0.0
기고만장한 그 코를 떡코로 만들어주겠어.,3,1.0
저것도 초반에만 만지작 거리다가 씻고 말리고 관리하다가 그냥 때려치울 듯,0,1.0
문재앙이 백신 수급 안 되니까 백신 불신 조장하는 거다,0,1.0
자기보다 14살 많은 아재 만나더니 헤어지고 정신 잘 차렸네,3,1.0
너 한거 보니 별로 안하고 싶네,1,0.0
저기에 내려준 남자나 내린 여자나 둘다 똑같노,0,1.0
그 색희 이제 사회에서도 매장이네,7,1.0
넌 한 번도 핑계가 없는 때가 없더라. 사실이 아닌 것 같은걸.,3,1.0
최근 그곳 딸의 쾌락을 느껴버린 나로서는 오히려 좋아..,6,0.0
넌 이걸 요리라고 만들었냐?,0,1.0
요즘에 누가 청국장을 먹어 냄새나게시리,0,1.0
차라리 내가 나가도 그것보단 잘 하겠다,0,1.0
너 뇌 MRI 한 번 찍어봐,0,1.0
독립적 사고 못하는거임 ㅋㅋ,0,1.0
뭐라는거야 그만 좀 해라 항마력 딸린다,0,1.0
나중에 실실 쪼개면서 뒤통수 깐적이 한두번이 아니다,3,1.0
손모가지를 부러뜨리기 전에 손 떼라,4,1.0
거지같은게 내가 누군줄 알고 이따위로 대접해?,7,1.0
걍 길거리에 묶어 놓고 죽을 때까지 돌이나 맞았으면,4,1.0
"나도 내 아내 사랑은 하지만, 여자들 사이에는 그냥 전쟁 자체에 대한 이해가 없어",1,0.0
금전으로 만렙 찍으니까 권력욕이 나나?,0,1.0
네 가슴에 내 얼굴 묻었다가 다시 나왔다 하는 것이지롱,6,0.0
입 다물어라 뚫린입 꿰메버리기전에,3,1.0
진짜 매너라고는 1도 없는 놈들,0,1.0
군대에서 일주일만 뺑이 굴러봐도 회사 정신노동보다 육체노동이 쉽다는 걸 알텐데 말이야,1,0.0
뭐했다고 벌써 퇴근을 하냐 너는?,1,0.0
그 사람 테레비 나와서 잘난 척 하는 거 너무 보기 싫어,0,1.0
걸ㄹH 마인드 어디 안가네 ㅋㅋ,6,1.0
아 그니까. 최소 노출증 말기,3,1.0
근데 보통은 엄마가 아니라 누나 아니면 사촌동생 인거아니야 ? 니 시선이 이상한거같은데 집 밖을 좀 많이 나가봐;;,1,0.0
저딴 게 왜 영화화까지 되냐,0,1.0
35미만이면 주절먹이지,6,0.0
슈밤 남들은 인생 두 번 사냐.,7,0.0
애초에 살 집 한 채 구하는데 대출을 막아버린 정부가 잘못한거지,1,0.0
보나마나 쟤는 돼지에 안경 도수 겁나 높은 거 썼을 듯,2,1.0
저 안에서 지들끼리 입 꾹 닫고 얼마나 많은 비리를 저질렀을까?,0,1.0
에이 주장은 #@인간및인간집단.인물.인물_무정보.남성#가 해야지,2,0.0
그냥 베이징 한가운데 운석 떨어져서 다 전멸했으면 좋겠다.,4,1.0
강의 날로 먹는 함량미달 교수들 진짜 많다.,0,1.0
조공왕 이스라엘한테 어차피 밀렸누,0,1.0
저사람 와이프는 무슨 죄야,2,0.0
그냥 전생에 죄가 많았나보다 하고 살면 되잖아 다들,1,0.0
니거들은 하나같이 별로야~,2,1.0
인도랑 붙으면 누가 이길까? ㅋ,1,0.0
혜택은 혜택만큼 다 받고 이제 와서는 혜택도 없이 오라고 그러네 ㄷㄷ;;,2,0.0
"촛불 들어서 여기까지 왔는데, #@인간및인간집단.인물.정치인.남성#이 죽으라면 죽어야지 별 수 있냐.",0,1.0
그럼 이제 너는 우유는 안사도 되겠네,1,0.0
뒤통수 때리기가 특기시잖아요.,0,1.0
#@# 놈들이 신사의 나라는 무슨,0,1.0
헐….진심 체할거 같아,3,0.0
이태원 모텔 샤워기 쓰지 말래 게이들 많아서 ㅋㅋ,1,0.0
c1발 그러면 처먹지를 말던가 졷같은 놈아,7,0.0
똥남아래 ㅋㅋ,2,0.0
ㄹㅇㅋㅋㅋㅋㅋㅋㅋㅋㅋ 어이없음 .......,1,0.0
쟤는 도대체 뭐가 문제라서 저렇게 맨날 혼나는거래?,1,0.0
당연히 다르지. 이쁜여자는 보석이다. 이쁘면 뭐든 달콤함,6,0.0
화장실에서 하다가 헷갈려서 똥나오면 어쩌려고 ㅋㅋ,6,0.0
유치원 다니는 개들은 동뭉이로 패서 개고기로 먹어 버려야 함.,4,1.0
ㅋㅋㅋ 여자친구도 하고싶은 생각이 있으니 1박2일 가자 하겠지,6,0.0
그럴줄 알았으면 나도 몇몇 죽였지,1,0.0
쟤는 시골에서 와서 그런가? 어딘가 촌스러움,2,1.0
니인생 아니잖아 남이사 혼전임신을 해서 결혼을 하든 말든 뭔상관임?,0,1.0
어디 부끄러운줄 모르네 요즘은,0,1.0
손님련들 마감시간 돼도 안 나간다 쥬럴하는 련들 보면 줄라 목 찢고 싶음,0,1.0
가만 보면 #@인간및인간집단.인물.범죄자.남성#이 뭐 그렇게 큰 잘못인가 싶다,5,0.0
완전 스토커 사생팬 수준이었으니 내가 여자라도 무서웠을거야.,0,1.0
벅지랑 엉덩이 쪽이 탱탱한 여자들이 좋음 강제 조루행,6,0.0
#@# 보면 ㄹㅇ 토나올거 같애,0,1.0
니 나이에 체력걱정하면 어른들은 체력이 남아돌아서 출퇴근하냐,0,1.0
"야, 너가 아까 찍은 셀카 보니까 너무 못 찍었더라.",1,0.0
애가 도둑질을 했으면 싹싹 빌어도 모자랄 판에,1,0.0
뭐가 어때서 그냥 잠만 잤는데,6,0.0
이러니까 헬조선 헬조선 거리지.,3,1.0
얼마나 공감 능력이 떨어지면 그런 짓들을 할까,0,1.0
진심인데 너나 성별갈등 조장하지마,1,0.0
너 섹파있냐? 요즘은 기본이라던데,6,0.0
진짜 내 눈이 보기 힘드니까 좀 참아줘,1,0.0
니들이 먹는 닭과 돼지는 움직이지도 못하는 곳에 가두고 키움,1,0.0
내가 그 정도 위치였으면 뷰지 20명 데려다 놓고 매일 돌려 먹었을 듯,6,0.0
지금 당장 더 부풀게 만들어 줄 수 있는데 ㅋㅋ,6,0.0
맞아. 어딜가나 꼭 그런놈들이 하나씩은 있어,3,1.0
저 티비 화면에 나오는 모든 게 촌스럽다.,0,1.0
저 수준으로 무대올라온건가?,0,1.0
건강 생각하면 니 그 담배랑 술이나 좀 끊어라,0,1.0
이런 사건에 댓글 달면서 웃음이 나오는건 뭔 심리일까?,1,0.0
근데 넌 왜 모쏠이야?,1,0.0
야리까지 말고 한판 붙자,4,0.0
"맞아 솔직히 여자들은 화장하는데, 최소한의 예의 아님?",1,0.0
일본 여자 따먹어봤는데 개쩔더라,6,0.0
버츄얼 스트리머들 보면 와꾸 못생겨서 얼공 안하는거 실화냐 ?,0,1.0
내가 지잡대 가면 안되는 이유를 한방에 정리해준다 ㅋㅋ,0,1.0
사람 머리한테 하는 말 뽄새봐라... 예의라곤 없네,0,1.0
지방은 아무 것도 없잖아 ㅋㅋㅋ,2,0.0
그 겨털을 한올 한올 다 쥐어뜯어버리고 싶어,4,1.0
차라리 폭우가 내렸어야 배가 안아팠을텐데...........,1,0.0
회사원들 30년 근속해도 경차 하나 못 받는데 확실히 외모로 돈 버는 일이 쉽긴 쉬워.,1,0.0
으 진짜 더럽게 머리 떡져서 그게 뭐야.,0,1.0
집에서 #@# 하는 #@#들 진짜 너무 역겨운거같아,0,1.0
저 상황에서 여자가 거부의사를 표현한 거라고 생각할 남자가 몇이나 있어?,1,0.0
백신이 있어야 맞지 백신줍쇼 문구걸,0,1.0
그럼 안 보면 되는건데 왜 굳이 바득바득 보려고 해?,1,0.0
나는 미리 하지 말라고 지금 말했으니까 너는 하면 안돼^^,1,0.0
즈그 아들이랑 결혼했다는 이유로 남의 집 딸이 노비생활하네,0,1.0
미성년자 성매매 혐의로 두들겨 팬 다음 합의금 받아내야지ㅋㅋ,0,1.0
무식하면 그냥 입을 열지마,0,1.0
니 엄마 억장 와르르겠다,0,1.0
요즘 명품을 왜 다 구리냐?,0,1.0
ㅋㅋㅋ 어차피 그래도 걔가 너보다 훨 잘 사니까 신경 끄고 너나 잘해라,0,1.0
그럼 그렇지. 날 생각해줄 턱이 있나,2,1.0
캣맘충 진짜 싫다... 데려다 키울 거 아니면 자연의 섭리에 좀 맡겨,3,1.0
그러니까 괜히 이상한 여자랑 사귀어서 이미지만 나빠졌네,3,1.0
뭐 이런 남자가 다 있어?,1,0.0
이노무 미모때미 진짜 피고시럽네 이쁜건 알아가지고들,3,1.0
현실은 더 심각할 텐데...,1,0.0
중국때문에 전세계가 코로나인데 그런 나라가 무슨 올림픽?,3,0.0
어디 가서 무시당하고 여기 와서 저러는지 모르겠다니까.,0,1.0
저 사람 출소하면 내가 팔다리 묵어서 한강에 던져버린다.,4,1.0
야! 너 한번만 더 키 작다고 놀리면 몽둥이로 너 다리를 확 부러뜨린다.,4,1.0
아버지가 여성단체에 기부도 많이 했는데 어떻게 그럴수가 있냐고 따지고 있네?,1,0.0
데뷔 세 달만에 연애질 실화냐 ㅋㅋ,0,1.0
동맹국도 우릴 무시하네.,1,0.0
앞에 캐릭터들은 점점 잊혀지고 있어 ㅋㅋ,1,0.0
오늘만 사는 애들이 너무 많음,0,1.0
너 말하는 수준은 범죄자 수준인데?,0,1.0
니가 개만도 못한 걸 왜 국민을 걸고 넘어져?,0,1.0
바늘로 손톱 밑을 하루 열번 씩 쑤셔줘야 함.,4,1.0
너가 정말 배가 불렀구나.,0,1.0
"드라마 남자 주인공인척 오졌노, 이기야.",7,1.0
요즘 자영업은 다 죽고 세상이 말세여,0,1.0
그 노력으로 공부하면 서울대 그냥 감,1,0.0
근데 쟤는 결국 지가 돈 내기 싫어서 자기도 화장실 가는 척한 거잖아?,0,1.0
아 그 한남 드디어 군대감,3,1.0
죽는 게 사회에 이득이거든 넌,4,1.0
"조심해, 말 한마디했다가 난 피봤어",3,0.0
숟가락 얹기 달인 #@인간및인간집단.인물.정치인.남성#이 배울까 걱정되네.,3,1.0
너 친구 질투심이 너무 심한거 아니야?,1,0.0
흙수저가 무슨 사업을 해,0,1.0
매일이 새롭겠는데?,1,0.0
여자들은 왜 남자들을 못 잡아먹어서 안달이냐,0,1.0
그냥 창녀가 따로 없다,1,0.0
남편도 있는데 아랫도리를 그렇게 내돌리냐?,6,1.0
바로 죽빵 한 대 갈기지,4,1.0
아니야 나 이번에는 열심히 했어 니가 뭘 안다고 난리야,1,0.0
자기 스스로 나없이 애 어떻게 키울려고~ 이 생각하는거 아닐까요? 맡길사람은 생각도 안하는데 벌써부터 황혼육아 생각중이라 나아님 애 봐줄사람 없을껄~ 이생각인듯요. 물론 애봐주는 비용도 주겠지 이것도 생각중일듯요,0,1.0
제발 정신 좀 차리고 살아라.,0,1.0
구걸충은 싫네요 ㅋㅋ 두번 눌러드립니다,3,1.0
출제위원들 단체로 한대씩 패고싶다...,4,1.0
들어보니 딸배하는거 같던데?,3,1.0
그냥 멀쩡한 옷두고 왜 사는데 돈 아까움,0,1.0
오빠 부르면 되잖아. 눈도 작은 게 뭐가 무섭다고. 네 얼굴이 무기면서,2,1.0
나 진짜 방금 메두사본 것마냥 돌될뻔했어.,1,0.0
진짜 인정 개맛없음,0,1.0
거짓말 치지마 너 경찰에 사기죄로 신고할거야.,1,0.0
아휴 그냥 다들 너무 더러워,1,0.0
야 있는 사람들이 떵떵거리며 사는 것도 권리야.,1,0.0
한국말도 제대로 못 하면서 노래를 어떻게 불러...,1,0.0
부부가 28세 나이 차이를 보니 정처 아니고 후처 같은데 말야,2,0.0
언니 저 맘에 안들죠?,1,0.0
조만간 망할 것 같아.,1,0.0
여기가 무슨 회사도 아니고 시말서 이딴 거 왜 쓰는 거임?,0,1.0
아니야 그런 건 타고 나야하는 거야,1,0.0
역겨운 이중인격 기업 같으니라고,5,1.0
너도 언젠가 너같은애 만나겠지,1,0.0
그냥 철판 깔고 활동하지.,0,1.0
자꾸 밥만 달라 그러는 남편 어디 팔데 없나?,3,0.0
호미라도 들고 다녀라,0,1.0
머리통 발로 차버리기 전에 쓰레기통 빨리 비워라,4,1.0
아니다 자살하는게 맞지 난 걍 자살한다,4,1.0
경제 성장기에 인생 날로 먹은 인간들이 잘난 척하기는,3,1.0
옆테이블에 지저분한 동남아사람이랑 중국사람이 있단말이에요,2,0.0
내 친구가 내 성공을 다른 사람한테 바방하며 다닌대,3,0.0
테러를 저질러도 저 지능을 가지고 있는데 살아있는 게 폐가 아닐까,0,1.0
맛 없는데 억지로 먹는 거야. 배고파서.,2,0.0
노래가 안 되니까 표정으로 오버하니까 넘어올거 같아,0,1.0
니가 뭔데 나 무시하냐?,0,1.0
수준이 떨어지구나,0,1.0
천잰데?,5,0.0
"헐, 왜 여자가 외모 관리를 안 하냐? ㅋㅋㅋ",2,1.0
거꾸로 매달아서 내 돈 토해내게 하고 싶어,4,1.0
너는 남자라 좀 어려울 거 같은데...,2,0.0
중국이 중국했네.,1,0.0
군인 포상 휴가를 생리휴가랑 같다고 비교하고 있다 ㅋㅋ 저게 뭐임?,2,0.0
34살 망한 인생 번개탄 사러 간다. 니들은 잘 살아라.,3,1.0
무슨 짓이야! 니 얼굴에 똥싸버리기 전에 저리 가!,4,1.0
내 몸은 내가 알아서 할께 그렇게 신경 써줄꺼면 너네 어머니 살 이나 신경써서 관리해드려,0,1.0
현실은 한국여자보다 한국남자 비만율이 훨씬 높단다,1,0.0
해병대가 UDT인 줄 아냐?,1,0.0
맞아 ㅋㅋ 그러니까 노래를 그따구로 부르는거겠지,0,1.0
쉰내나는 틀딱들은 요양원에 처박아놔야 돼,3,1.0
비서하면 뭐하는 거임? 커피 나르는 게 끝 아니냐?,1,0.0
엄마 죽여버리고 싶다,3,1.0
네 와꾸가 싸발련이지 누가 싸발련이겠니?,7,1.0
눈치 좀 보고살아,0,1.0
두 개면 하나 그냥 줘라. 구질하게 빌려주는 건 또 뭐냐.,0,1.0
짐승들도 다 그러고 살잖아. 서로 냄새 맡고.,6,1.0
나만 거지같이 돈 없냐고,3,1.0
여자는 확실히 머리가 남자보다 딸리는게 맞는 것 같다,2,1.0
그러다가 너 망하고 자살이나 하지말고 그만둬라,4,1.0
저 자식 머리로 소머리국밥이나 열두 시간쯤 끓여야겠다.,4,1.0
한일전 축구 보는데 어처구니가 없네,1,0.0
니 보G 보고 싶다.. 생리 10달동안 못하게 해줄게,6,0.0
남들한테도 귀여운줄 알아요?,1,0.0
ㅇㅈ 다 별로면 마스크 써도 마기꾼 소리 못 듣는다 그거에라도 만족해라,0,1.0
빡 댁아리들 진짜 묶어놓고 총 쏘고 싶다,7,1.0
여자성씨가 아니지,1,0.0
ㅋㅋ아니 다리도 짧구만 저렇게 다 벌리고 있냐.,0,1.0
그래서 뭐가 문제냐고 그게 .... 니가 돈 퍼줬냐?,0,1.0
지금껏 라이브 한 것들 보면 평소 행실 어떨지 딱 보임,0,1.0
이제 드디어 진짜 힙합을 할 수 있게 됐군.,1,0.0
#@# 난민 이쁜 여자만 골라서 받아 주면 안 되냐?,3,0.0
난 뒷치기 별로 안 좋아해서 가슴만 커도 상관없음,6,0.0
내 동생이었으면 이미 싸커킥으로 반조져놨어,4,1.0
별 희한한 것들이 진짜 많네 저렇게 어린애한테 그러고 싶나,1,0.0
조교되면 여자애들한테 갑질 쌉가능이죠? 이미 발랑 까짐 ㅋ,6,1.0
이건 한녀 종특이라 그냥 거르는 수밖에 없어,3,1.0
그럴 거면서 왜 고나리질이야..,0,1.0
꼭지는 왜 발기해있을까,6,0.0
언제부터 쥐처럼 날 엿듣고 있었던거야?,1,0.0
어이가없네 해괴망칙한 방법,0,1.0
인정 나도 동의함  짜증나 그냥,0,1.0
그럼 한대 쳐봐ㅋㅋ 꽁돈 좀 벌게,0,1.0
너도 이렇게 하면 돈 쉽게 벌 수 있음 ㅋㅋㅋ,5,1.0
"진짜로? 몰랐는데, 수준이 심각하네",1,0.0
이런 애들은 가면 1시간 만에 튈 듯 ㅋㅋ,0,1.0
찐따들 나 같으면 그럴 시간에 생산적인 걸 하겠다.,3,1.0
맞지 요즘은 집 하나 없으면 사람도 아닌 사회지,2,1.0
여자랑은 몸만 통하면 돼.,6,0.0
야 너 안경쓰니깐 별루다,0,1.0
자기 남자친구가 다른 여자랑 결혼해 버렸으니 빡칠 듯,0,1.0
일찍부터 할아비 냄새에 토한다,3,1.0
야 이제 군대도 별거 아니네ㅋ,1,0.0
아주 유토피아를 꿈꾸네.,0,1.0
배우들 놔두고 실력 없는 아이돌 쓰니까 이 꼴 나지,0,1.0
가슴이 너무 작으면 애정이 식더라,6,0.0
노인들한테만 수신료 받으라고 해,3,0.0
범죄자 아니면 좀 나뒀으면 좋겠네,1,0.0
확실히 요즘 애들이 발육이 좋네,6,0.0
연기도 못해서 앵앵거리는애를 왜 쉴드치니,0,1.0
니 신경성 아이가 병원가바라,0,1.0
난 돈으로 꼬신 후 방망이 맛 좀 보여주면 여자들이 겁나 들러붙어.,6,0.0
"예전엔 아주 뿜었는데, 늙어서 그런 거야.",6,1.0
대깨 좌좀의 선택은 당연히 북한아니면 중공이지요.,0,1.0
뭐? 너 돌았어?,1,0.0
그 사람은 죽은 얘기 이제 그만 좀 우려먹지,0,1.0
걱정마! 미련 곰탱이라도 할 일을 해.,1,0.0
인간이 덜 된거지 뇌가 조금이라도 있었다면 저렇게 작은 강아지를 방치했겠어?,0,1.0
너 같은 건 크기 전에 싹을 잘라버려야 돼.,7,1.0
뜬 것도 백퍼 몸 팔아서 뜬 거일듯.,5,1.0
정말 한심하더라.,0,1.0
걔넨 생각이 없어서 그런 거지,0,1.0
보고 배운게 그거니 그렇겠지,0,1.0
니 피부가 마른 나뭇가지 같더라~,0,1.0
아무리 그래도 그 집이 사람이 살 집이니?,1,0.0
아버지 빽이 쎄니까 그냥 나올듯,0,1.0
가끔 욕을 하는 게 강해보이는 거라고 생각하는 고딩 일진 마인드 가진 사람들도 있더라고.,1,0.0
근데 이 양심도 없는 사람은 나한테 기대서 가네,0,1.0
내 동생은 오냐오냐 키웠는데 갑자기 울고불고 페미 선언함,0,1.0
"본인은 컴플렉스일텐데, 놀려주는데 몸이 반응도 하면 재밌겠네.",6,1.0
#@인간및인간집단.조직및단체.기업#에 맞춤법 계산기 쓰는 애들은 학교 다시다녀야 하는거 아니냐 어떻게 저런 상식도 없는거지,0,1.0
? 그거 너 머리 안감아서 그런거 아님ㅋㅋ?,1,0.0
헬창들 진짜 왜 그러냐?,0,1.0
돈 없으면 굶어야지 거지도 아니고 왜 왔대,3,1.0
죄 없는 사람 족치겠다는 소리를 당당하게 하시네요?,7,1.0
얘들아 좀 치워라.,3,0.0
저건 진짜 상식 이하의 행동이다,1,0.0
그니까 고나리질 작잘 하세여 패죽이기전에 ㅋㅋ,4,1.0
그것도 모르고 저렇게 매달리는거야? 여자도 불쌍하다.,0,1.0
나는 쟤 머리밀고 더 못생겨져서 눈 버렸음,0,1.0
넌 이 게임 평생해도 브론즈겠다,1,0.0
그거 인정 ㅋㅋ 죽은 야추도 바로 빨딱 선다,6,0.0
ㅋㅋㅋ너 입원함?,0,1.0
#@인간및인간집단.인물.정치인.남성#이 찍은 손가락 자진해서 하나 썰었다.,4,1.0
진짜 시가놈들 개 패고 싶음 우리 언니 불쌍해,4,1.0
종교 따질 거면 지네 나라에서나 따지지 왜 외국에 옴?,2,0.0
협박하는 거요? 어디 해봅시다. 빌어도 시원찮은데 큰 소리치기는.,2,1.0
진짜 힘든 노동자들은 찍소리도 못하고 살텐데 말이야,1,0.0
웃음이 나오냐?,1,0.0
너 정말 제정신이 아니구나.,0,1.0
애 아버지가 누군지 알기나 하나 몰라,1,0.0
한남들 다 똑같아서 보겠지,7,1.0
예쁜 계집년끼리 보빙하는거 개 꼴릿하네,6,0.0
너 지금 남자들을 다 잠재적 성범죄자 취급하는 거야?,1,0.0
넷상에서 이런데 현실이라고 별반 다를까?? 똑같을거같은데 너희들이 하는짓을 합리화하지마,0,1.0
차피 배우 커리어 나가리된 판에 조속히 은퇴하고 꺼졌으면 좋겠다.,0,1.0
한번 패면 버르장머리 싹 돌아온다 ㅋㅋ,4,1.0
이번 좌파 정권은 역대급 암흑기로 기록될거다,0,1.0
아니 사람이 모르면 한 번쯤은 그럴 수 있지 말이 너무 심하네; 자기들은 살면서 실수 한적 없나 ㅋㅋ,1,0.0
죽을 것처럼 아프다니까. 이러다 앉아서 죽으란 거야?,3,0.0
못생기면 오빠 소리도 못듣는 현실 맞냐 ㅋㅋ,0,1.0
뇌만 멍청한게 아니면?,0,1.0
너만 그렇게 생각하는거 같은데?,1,0.0
그러게 캠퍼스에서 헐벗은 여자들 보면서 눈요기좀 해야 되는데,3,0.0
회사나 다니면서 얘기좀해;;,1,0.0
사람 하나 죽이겠네,0,1.0
너 오늘 나한테 처갈피는 줄 알아라,4,1.0
너는 손이 없냐?,0,1.0
인간 관계라는게 부딪쳐서 비벼봐야 되는 건데 귀찮고 힘드니까 그냥 포기,1,0.0
어휴 인생 왜 그렇게 사냐 한심하다,0,1.0
중고나라엔 왜 이렇게 거지들밖에 없냐,0,1.0
그니까 주제도 모르고 진짜 열받어,0,1.0
한녀들의 문제가 뭔 줄 알아?,3,0.0
나중에는 동성애자 전용 주차 구역 만들어달라고 조르는 거 아닌지 몰라.,1,0.0
ㅇㅈ 진짜 팬이면 피드백을 제대로 해 줘야지 뭐만 하면 잘한다 잘한다 하니 자존심만 세우는 그룹 같았음 ㅋㅋㅋ,0,1.0
"응, ㅋㅋ 만주 그지깽깽이들 누가 속는다고 ㅋㅋ",2,1.0
그러게 자연 미인이 아니라 그냥 자연인 아님?,0,1.0
왜 퇴사자가 많은지 아직 파악 못한다는건 무능력하다는거 입증?,0,1.0
길에서 고양이 좀 몇 마리 죽였다고 신상이 다 털린 거야? 쟤도 불쌍하다.,5,0.0
아 아니 레즈냐고,3,0.0
밤에 PC방 아르바이트 보니까 대놓고 자던데 ㅋㅋ 그렇게 해놓고도 돈을 받고싶나?,0,1.0
#@인간및인간집단.인물.정치인.남성#이 말하는 상식과 정의가 이런 걸 말하는 거구나?,1,0.0
진짜 우리 집앞 지하철의 거지가 딱 얼어죽기 좋은 날씨다ㅎㅎ,4,1.0
정상인들도 그래~ 그 사람들 하고 사는 게 세금도 쓸데없이 많이 들고...,0,1.0
오~넌 여자인데 생각보다 수학을 잘 하네?,2,0.0
난쟁이나라로 가면 딱 맞을 거 같은데 ㅋㅋㅋ,3,1.0
한국 리턴해서 돼지불백 집 차릴 거라던데,1,0.0
그럴바에야 차라리 개팔자다운 인생을 한번 저질러 볼려구,0,1.0
길 막지나마. 너때문에 시야가 가려져서 위험하잖아. 비키라고,2,0.0
솔직히 걔네는 간첩인지 아닌지 어떻게 알고 군인 시키는거임?,1,0.0
걔 때문에 대통령 기록물 봉인돼서 못 보잖아,1,0.0
거기서 더 중증인 애들은 협찬받아서 다녀왔다고 그런다,0,1.0
남자들은 꼭 할 말 없으면 여자를 꽃뱀으로 몰더라? 어쩌면 레퍼토리가 다 같을까?,0,1.0
내가 대줄테니까 나랑 만나줘,6,0.0
틀딱들이 그렇지 뭐,0,1.0
민식이 소송 잘못 쓴 거당.,1,0.0
ㅋㅋㅋㅋ 자살행위면 사람들이 그걸 왜 연구하는데 ㅋㅋ,1,0.0
잼민이들 개념이 너무 없는데 참교육 방법 없냐,3,1.0
원래 있던 남자 직원들 견제 장난 아니겠다ㅋㅋㅋ,1,0.0
아 역시 멍멍이기독교인들 개념이 없어,2,1.0
뭐 그럼 교도소라도 들어가야 속이 후련함?,1,0.0
얘는 먹방인데 먹뱉을 하네 ㅋㅋ,0,1.0
나이는 어린데 노회한 정치인들보다 더 지독해보여,0,1.0
나도 담배 냄새만 맡아도 기분 더러워져.,3,0.0
지나가는 남자 다 때려눞히게 생겼는데,2,1.0
